theta_deg,stroke,cam_x,cam_y,tip_x,tip_y
0.0,0.0,0.0,40.0,0.0,40.0
0.1,0.00013707752573255405,0.06981337388122634,40.00007615384846,0.0,40.000137077525736
0.2,0.0005483063448785686,0.13962797055526802,40.000304609316025,0.0,40.00054830634488
0.30000000000000004,0.0012336751833941229,0.20944501273542318,40.00068534816955,0.0,40.00123367518339
0.4,0.002193165251545004,0.2792657229759596,40.001218340021445,0.0,40.00219316525155
0.5,0.003426750244427401,0.34909132359260947,40.001903542331135,0.0,40.00342675024443
0.6000000000000001,0.004934396342684,0.41892303658307634,40.00274090040709,0.0,40.004934396342684
0.7000000000000001,0.006716062213437679,0.4887620835475579,40.00373034740951,0.0,40.006716062213435
0.8,0.008771699011416167,0.558609685609289,40.004871804353535,0.0,40.00877169901142
0.9,0.011101250380299854,0.6284670633351084,40.006165180113015,0.0,40.0111012503803
1.0,0.013704652454261668,0.6983354366560539,40.00761037142496,0.0,40.01370465245426
1.1,0.016581833859716788,0.7682160247879899,40.009207262894506,0.0,40.01658183385972
1.2000000000000002,0.01973271571728441,0.8381100461522687,40.01095572700046,0.0,40.01973271571728
1.3,0.02315721164394713,0.9080187182964361,40.01285562410149,0.0,40.02315721164395
1.4000000000000001,0.026855227755419042,0.9779432578149767,40.01490680244283,0.0,40.02685522775542
1.5,0.03082666266872036,1.0478848802701095,40.01710909816363,0.0,40.03082666266872
1.6,0.0350714075049563,1.1178448001126358,40.01946233530483,0.0,40.03507140750496
1.7000000000000002,0.03958934589230467,1.1878242306028413,40.02196632581769,0.0,40.0395893458923
1.8,0.04438035396920004,1.2578243837314604,40.024620869572836,0.0,40.0443803539692
1.9000000000000001,0.049444300387736506,1.3278464701407025,40.0274257543699,0.0,40.049444300387734
2.0,0.0547810463172671,1.3978916990453478,40.03038075594782,0.0,40.05478104631727
2.1,0.060390445448202934,1.4679612781539142,40.03348563799558,0.0,40.060390445448206
2.2,0.06627234399603554,1.5380564135899,40.03674015216369,0.0,40.06627234399603
2.3000000000000003,0.07242658070554464,1.6081783098131073,40.04014403807612,0.0,40.072426580705546
2.4000000000000004,0.07885298685522124,1.6783281695410477,40.04369702334287,0.0,40.078852986855225
2.5,0.08555138626189618,1.7485071936704393,40.047398823573126,0.0,40.0855513862619
2.6,0.09252159528556403,1.8187165811987898,40.051249142388954,0.0,40.09252159528556
2.7,0.09976342283442463,1.8889575291460818,40.05524767143966,0.0,40.09976342283443
2.8000000000000003,0.10727667037011668,1.9592312324765508,40.05939409041659,0.0,40.10727667037012
2.9000000000000004,0.11506113191316447,2.029538884020574,40.063688067068654,0.0,40.115061131913166
3.0,0.1231165940486223,2.0998816743966624,40.0681292572183,0.0,40.123116594048625
3.1,0.13144283593192752,2.170260791933563,40.07271730477817,0.0,40.13144283593193
3.2,0.14003962929495017,2.240677422592481,40.07745184176825,0.0,40.14003962929495
3.3000000000000003,0.14890673845226132,2.3111327498894187,40.082332488333634,0.0,40.14890673845226
3.4000000000000004,0.1580439203075812,2.381627954817636,40.087358852762854,0.0,40.158043920307584
3.5,0.16745092436045383,2.4521642157702424,40.09253053150675,0.0,40.16745092436045
3.6,0.1771274927131128,2.522742708462916,40.09784710919803,0.0,40.17712749271311
3.7,0.1870733600775487,2.59336460585676,40.1033081586712,0.0,40.18707336007755
3.8000000000000003,0.19728825378278136,2.664031078081296,40.108913240983235,0.0,40.19728825378278
3.9000000000000004,0.2077718937823425,2.7347432923576025,40.11466190543476,0.0,40.20777189378234
4.0,0.2185239926619431,2.805502412921596,40.120553689591766,0.0,40.21852399266194
4.1000000000000005,0.2295442556473637,2.8763096009474722,40.12658811930796,0.0,40.22954425564736
4.2,0.24083238061252565,2.9471660144712843,40.13276470874762,0.0,40.240832380612524
4.3,0.2523880580877824,3.018072808314699,40.13908296040904,0.0,40.25238805808778
4.4,0.2642109712683971,3.0890311340089003,40.145542365148515,0.0,40.2642109712684
4.5,0.27630079602323443,3.1600421397186644,40.152142402204944,0.0,40.276300796023236
4.6000000000000005,0.2886572009036392,3.231106970166609,40.15888253922494,0.0,40.28865720090364
4.7,0.3012798471525324,3.302226766557603,40.16576223228851,0.0,40.301279847152536
4.800000000000001,0.31416838871368924,3.37340266650337,40.172780925935285,0.0,40.31416838871369
4.9,0.32732247224123157,3.4446358039472615,40.179938053191385,0.0,40.327322472241235
5.0,0.3407417371093169,3.5159273090892165,40.1872330355967,0.0,40.34074173710932
5.1000000000000005,0.35442581542201923,3.5872783083109168,40.19466528323281,0.0,40.35442581542202
5.2,0.36837433202341785,3.6586899241011226,40.20223419475152,0.0,40.36837433202342
5.300000000000001,0.3825869045078867,3.7301632749812192,40.209939157403774,0.0,40.38258690450789
5.4,0.39706314323056935,3.8016994754309494,40.2177795470693,0.0,40.39706314323057
5.5,0.4118026513180695,3.873299635814363,40.22575472828669,0.0,40.41180265131807
5.6000000000000005,0.42680502467932757,3.944964862305963,40.233864054284034,0.0,40.426805024679325
5.7,0.4420698520166988,4.016696256817067,40.24210686701021,0.0,40.4420698520167
5.800000000000001,0.45759671483723174,4.088494916922385,40.250482497166516,0.0,40.45759671483723
5.9,0.47338518746413705,4.160361935786818,40.25899026423909,0.0,40.47338518746414
6.0,0.4894348370484647,4.232298402092469,40.26762947653163,0.0,40.489434837048464
6.1000000000000005,0.5057452235809612,4.3043053999658945,40.27639943119886,0.0,40.50574522358096
6.2,0.5223158999041433,4.376384008905573,40.28529941428039,0.0,40.52231589990414
6.300000000000001,0.539146411724547,4.448535303709614,40.29432870073515,0.0,40.539146411724545
6.4,0.5562362976251889,4.5207603544036985,40.303486554476436,0.0,40.55623629762519
6.5,0.5735850890782157,4.593060226169274,40.31277222840736,0.0,40.573585089078215
6.6000000000000005,0.5911923104577455,4.6654359792719715,40.32218496445695,0.0,40.59119231045774
6.7,0.6090574790529091,4.737888668990291,40.33172399361669,0.0,40.60905747905291
6.800000000000001,0.6271801050810855,4.810419345544528,40.34138853597763,0.0,40.62718010508109
6.9,0.6455596917013262,4.883029054025951,40.35117780076803,0.0,40.64555969170133
7.0,0.6641957350279826,4.955718834326259,40.36109098639148,0.0,40.66419573502798
7.1000000000000005,0.683087724144511,5.028489721067273,40.37112728046566,0.0,40.683087724144514
7.2,0.7022351411174854,5.10134274353091,40.38128585986142,0.0,40.702235141117484
7.300000000000001,0.7216374610108001,5.174278925589429,40.39156589074258,0.0,40.7216374610108
7.4,0.7412941519000527,5.247299285635937,40.401966528606124,0.0,40.74129415190005
7.5,0.7612046748871326,5.320404836515182,40.41248691832298,0.0,40.76120467488713
7.6000000000000005,0.7813684841149948,5.3935965854546275,40.42312619417924,0.0,40.78136848411499
7.7,0.8017850267826232,5.466875533995789,40.433883479917945,0.0,40.801785026782625
7.800000000000001,0.8224537431601886,5.540242677925898,40.44475788878135,0.0,40.82245374316019
7.9,0.8433740666043898,5.613699007209808,40.45574852355378,0.0,40.84337406660439
8.0,0.8645454235739913,5.6872455059222435,40.466854476604794,0.0,40.86454542357399
8.1,0.8859672336455471,5.760883152180296,40.478074829933085,0.0,40.885967233645545
8.200000000000001,0.9076389095293147,5.8346129180762665,40.489408655210745,0.0,40.90763890952932
8.3,0.9295598570853503,5.908435769610778,40.500855013828,0.0,40.92955985708535
8.4,0.9517294753398042,5.982352666626219,40.51241295693858,0.0,40.9517294753398
8.5,0.9741471565013937,6.056364562740481,40.52408152550546,0.0,40.974147156501395
8.6,0.9968122859780648,6.13047240528102,40.5358597503471,0.0,40.996812285978066
8.700000000000001,1.0197242423938435,6.204677135219236,40.54774665218427,0.0,41.01972424239384
8.8,1.042882397605871,6.278979687105161,40.55974124168726,0.0,41.04288239760587
8.9,1.0662861167216242,6.353380989002487,40.57184251952363,0.0,41.06628611672163
9.0,1.089934758116321,6.427881962423915,40.584049476406385,0.0,41.08993475811632
9.1,1.1138276734505115,6.502483522266831,40.59636109314273,0.0,41.11382767345051
9.200000000000001,1.1379642076878527,6.577186576749327,40.60877634068324,0.0,41.13796420768785
9.3,1.1623436991130653,6.651992027346532,40.62129418017145,0.0,41.162343699113066
9.4,1.1869654793500772,6.72690076872733,40.63391356299403,0.0,41.18696547935008
9.5,1.2118288733803462,6.801913688691375,40.64663343083138,0.0,41.21182887338035
9.600000000000001,1.2369331995613642,6.877031668106478,40.65945271570864,0.0,41.23693319956136
9.700000000000001,1.262277769645348,6.952255580846344,40.6723703400473,0.0,41.26227776964535
9.8,1.2878618887981064,7.027586293728649,40.68538521671712,0.0,41.287861888798105
9.9,1.313684855618088,7.103024666453486,40.69849624908862,0.0,41.313684855618085
10.0,1.339745962155613,7.178571551542163,40.71170233108597,0.0,41.33974596215561
10.100000000000001,1.3660444939322836,7.2542277942763755,40.72500234724037,0.0,41.366044493932286
10.200000000000001,1.3925797299605636,7.329994232637715,40.73839517274386,0.0,41.392579729960566
10.3,1.4193509427635553,7.405871697247588,40.751879673503595,0.0,41.41935094276356
10.4,1.446357398394934,7.481861011307477,40.765454706196564,0.0,41.44635739839494
10.5,1.4735983564590782,7.5579629905395835,40.77911911832475,0.0,41.47359835645908
10.600000000000001,1.5010730701313602,7.634178443127854,40.792871748270734,0.0,41.50107307013136
10.700000000000001,1.5287807861786296,7.710508169659376,40.80671142535374,0.0,41.52878078617863
10.8,1.5567207449798492,7.786952963066178,40.820636969886124,0.0,41.55672074497985
10.9,1.5848921805469385,7.8635136085673905,40.834647193230275,0.0,41.58489218054694
11.0,1.6132943205457595,7.940190883611814,40.84874089785601,0.0,41.61329432054576
11.100000000000001,1.6419263863172973,8.01698555782088,40.86291687739826,0.0,41.641926386317294
11.200000000000001,1.6707875928990057,8.093898392931996,40.87717391671541,0.0,41.670787592899
11.3,1.699877149046326,8.1709301427423,40.89151079194777,0.0,41.69987714904632
11.4,1.7291942572543817,8.248081553052806,40.905926270576764,0.0,41.729194257254385
11.5,1.758738113779843,8.325353361612972,40.92041911148429,0.0,41.75873811377984
11.600000000000001,1.7885079086629596,8.402746298065653,40.93498806501268,0.0,41.78850790866296
11.700000000000001,1.818502825749766,8.48026108389247,40.94963187302494,0.0,41.81850282574977
11.8,1.848722042714458,8.55789843235961,40.96434926896547,0.0,41.848722042714456
11.9,1.879164731081937,8.635659048464014,40.97913897792118,0.0,41.879164731081936
12.0,1.9098300562505255,8.713543628879997,40.99399971668299,0.0,41.90983005625053
12.100000000000001,1.9407171775148424,8.791552861906295,41.008930193807736,0.0,41.94071717751484
12.200000000000001,1.9718252480888543,8.86968742741352,41.02392910968051,0.0,41.971825248088855
12.3,2.0031534151290953,8.947947996792054,41.038995156577315,0.0,42.0031534151291
12.4,2.0347008197580374,9.026335232900362,41.054127018728195,0.0,42.03470081975804
12.5,2.0664665970876483,9.10484979001375,41.06932337238072,0.0,42.06646659708765
12.600000000000001,2.098449876243097,9.183492313773545,41.084582885863824,0.0,42.098449876243095
12.700000000000001,2.1306497803866273,9.262263441136708,41.09990421965207,0.0,42.130649780386626
12.8,2.1630654267416016,9.341163800325907,41.11528602643029,0.0,42.1630654267416
12.9,2.195695926616703,9.420194010780007,41.130726951158564,0.0,42.1956959266167
13.0,2.228540385430291,9.499354683105027,41.14622563113764,0.0,42.22854038543029
13.100000000000001,2.2615979027349384,9.578646419025526,41.1617806960746,0.0,42.26159790273494
13.200000000000001,2.2948675722421075,9.658069811336443,41.177390768149074,0.0,42.294867572242104
13.3,2.3283484818470033,9.737625443855402,41.19305446207964,0.0,42.328348481847
13.4,2.3620397136535787,9.81731389137545,41.2087703851907,0.0,42.36203971365358
13.5,2.3959403439996905,9.897135719618266,41.22453713747962,0.0,42.39594034399969
13.600000000000001,2.430049443482436,9.977091485187835,41.24035331168438,0.0,42.43004944348244
13.700000000000001,2.4643660769836204,10.057181735524551,41.256217493351336,0.0,42.46436607698362
13.8,2.498889303695404,10.137407008859833,41.27212826090357,0.0,42.49888930369541
13.9,2.533618177146085,10.217767834171166,41.28808418570942,0.0,42.53361817714608
14.0,2.5685517452260576,10.298264731137632,41.304083832151456,0.0,42.56855174522606
14.100000000000001,2.6036890502139034,10.3788982100959,41.320125757695656,0.0,42.6036890502139
14.200000000000001,2.639029128802657,10.459668771996697,41.33620851296111,0.0,42.639029128802655
14.3,2.6745710121262123,10.540576908361759,41.35233064178988,0.0,42.674571012126215
14.4,2.7103137257858845,10.62162310124124,41.368490681317255,0.0,42.71031372578589
14.5,2.746256289877124,10.702807823171627,41.38468716204238,0.0,42.746256289877124
14.600000000000001,2.7823977190163784,10.784131537134108,41.40091860789912,0.0,42.78239771901638
14.700000000000001,2.818737022368112,10.865594696513455,41.417183536327244,0.0,42.81873702236811
14.8,2.8552732036719664,10.947197745057359,41.433480458344015,0.0,42.85527320367196
14.9,2.892005261270075,11.0289411168363,41.449807878616,0.0,42.89200526127007
15.0,2.9289321881345245,11.110825236203844,41.46616429553122,0.0,42.928932188134524
15.100000000000001,2.9660529718949613,11.192850517757499,41.48254820127158,0.0,42.96605297189496
15.200000000000001,3.0033665948663457,11.275017366300007,41.49895808188562,0.0,43.00336659486634
15.3,3.040872034076857,11.357326176801184,41.51539241736161,0.0,43.040872034076855
15.4,3.078568261295932,11.439777334360215,41.53184968170081,0.0,43.078568261295935
15.5,3.11645424306246,11.52237121416848,41.548328342991134,0.0,43.11645424306246
15.600000000000001,3.1545289407131136,11.605108181472865,41.564826863481066,0.0,43.154528940713114
15.700000000000001,3.192791310410822,11.687988591539577,41.581343699653836,0.0,43.192791310410826
15.8,3.2312403031733927,11.771012789618487,41.597877302301875,0.0,43.231240303173394
15.9,3.269874864902266,11.854181110907945,41.61442611660161,0.0,43.26987486490226
16.0,3.3086939364114176,11.937493880520147,41.63098858218842,0.0,43.308693936411416
16.1,3.3476964534563924,12.020951413446973,41.64756313323198,0.0,43.34769645345639
16.2,3.386881346763481,12.104554014526348,41.66414819851171,0.0,43.38688134676348
16.3,3.426247542059043,12.188301978409164,41.68074220149273,0.0,43.426247542059045
16.400000000000002,3.4657939600989462,12.272195589526639,41.69734356040175,0.0,43.46579396009895
16.5,3.5055195166981634,12.356235122058264,41.713950688303534,0.0,43.505519516698165
16.6,3.5454231227604938,12.44042083990023,41.73056199317738,0.0,43.545423122760496
16.7,3.5855036843084207,12.524752996634403,41.74717587799395,0.0,43.58550368430842
16.8,3.6257601025131025,12.609231835497798,41.76379074079235,0.0,43.625760102513105
16.900000000000002,3.6661912737244995,12.693857589352584,41.78040497475736,0.0,43.6661912737245
17.0,3.706796089501625,12.778630480656634,41.797016968297,0.0,43.70679608950162
17.1,3.747573436642948,12.863550721434596,41.8136251051203,0.0,43.747573436642945
17.2,3.788522197216897,12.948618513249462,41.83022776431525,0.0,43.7885221972169
17.3,3.8296412485925133,13.033834047174736,41.84682332042698,0.0,43.829641248592516
17.400000000000002,3.870929463470235,13.119197503767035,41.86341014353624,0.0,43.87092946347023
17.5,3.9123857099127934,13.204709053039343,41.87998659933804,0.0,43.91238570991279
17.6,3.9540088513762517,13.290368854434709,41.896551049220434,0.0,43.95400885137625
17.7,3.9957977467411574,13.376177056800502,41.91310185034363,0.0,43.99579774674116
17.8,4.037751250343843,13.462133798363249,41.929637355719244,0.0,44.037751250343845
17.900000000000002,4.079868212007805,13.548239206703949,41.94615591428976,0.0,44.0798682120078
18.0,4.122147477075268,13.634493398733968,41.9626558710082,0.0,44.122147477075266
18.1,4.164587886438824,13.720896480671483,41.979135566917954,0.0,44.164587886438824
18.2,4.207188276573211,13.807448548018417,41.99559333923282,0.0,44.20718827657321
18.3,4.249947479567215,13.89414968553799,42.01202752141726,0.0,44.24994747956721
18.400000000000002,4.292864323155684,13.980999967232767,42.02843644326678,0.0,44.29286432315568
18.5,4.335937630751672,14.067999456323255,42.04481843098851,0.0,44.33593763075167
18.6,4.379166221478695,14.155148205227084,42.06117180728198,0.0,44.3791662214787
18.7,4.422548910203098,14.24244625553869,42.077494891420024,0.0,44.4225489102031
18.8,4.466084507566559,14.329893638009594,42.09378599932991,0.0,44.466084507566556
18.900000000000002,4.509771820018685,14.417490372529198,42.11004344367454,0.0,44.509771820018685
19.0,4.553609649849728,14.505236468106142,42.12626553393389,0.0,44.553609649849726
19.1,4.597596795223451,14.593131922850237,42.14245057648659,0.0,44.59759679522345
19.200000000000003,4.6417320502100345,14.681176723954914,42.158596874691575,0.0,44.64173205021004
19.3,4.6860142048191715,14.76937084768027,42.17470272897004,0.0,44.68601420481917
19.400000000000002,4.730442045033225,14.85771425933663,42.190766436887365,0.0,44.73044204503323
19.5,4.775014352840511,14.946206913268705,42.206786293235275,0.0,44.775014352840515
19.6,4.819729906268698,15.034848752840286,42.22276059011411,0.0,44.8197299062687
19.700000000000003,4.864587479418301,15.123639710419488,42.23868761701529,0.0,44.864587479418304
19.8,4.909585842496288,15.212579707364576,42.2545656609037,0.0,44.909585842496284
19.900000000000002,4.954723761849808,15.301668654010355,42.27039300630052,0.0,44.954723761849806
20.0,4.999999999999999,15.390906449655093,42.28616793536588,0.0,45.0
20.1,5.045413315675924,15.48029298254803,42.30188872798173,0.0,45.04541331567592
20.200000000000003,5.090962463848593,15.569828129877449,42.317553661834935,0.0,45.09096246384859
20.3,5.1366461957650955,15.659511757759283,42.333161012500284,0.0,45.136646195765096
20.400000000000002,5.182463258982848,15.749343721226348,42.348709053523734,0.0,45.18246325898285
20.5,5.228412397403915,15.839323864218056,42.36419605650569,0.0,45.228412397403915
20.6,5.274492351309461,15.929452019570785,42.37962029118443,0.0,45.27449235130946
20.700000000000003,5.320701857394269,16.01972800900873,42.394980025519544,0.0,45.32070185739427
20.8,5.367039648801382,16.110151643135374,42.41027352577556,0.0,45.36703964880138
20.900000000000002,5.413504455156851,16.200722721425542,42.42549905660554,0.0,45.413504455156854
21.0,5.4600950026045325,16.29144103221794,42.44065488113485,0.0,45.46009500260453
21.1,5.506810013841035,16.382306352708355,42.455739261044954,0.0,45.50681001384103
21.200000000000003,5.553648208150726,16.473318448943385,42.47075045665729,0.0,45.553648208150726
21.3,5.600608301440849,16.5644770758147,42.485686727017196,0.0,45.60060830144085
21.400000000000002,5.647689006276727,16.655781977053966,42.500546329977944,0.0,45.64768900627673
21.5,5.6948890319170475,16.747232885228236,42.51532752228475,0.0,45.69488903191705
21.6,5.742207084349273,16.838829521735985,42.530028559658945,0.0,45.742207084349275
21.700000000000003,5.78964186632509,16.930571596803677,42.54464769688211,0.0,45.78964186632509
21.8,5.837192077395988,17.02245880948292,42.55918318788027,0.0,45.83719207739599
21.900000000000002,5.8848564139489135,17.114490847648188,42.573633285808185,0.0,45.88485641394891
22.0,5.932633569241997,17.20666738799511,42.58799624313361,0.0,45.932633569242
22.1,5.9805222334404,17.29898809603933,42.602270311721604,0.0,45.9805222334404
22.200000000000003,6.028521093652195,17.391452626115957,42.616453742918935,0.0,46.028521093652195
22.3,6.076628833964385,17.484060621379545,42.6305447876384,0.0,46.076628833964385
22.400000000000002,6.124844135478971,17.576811713804705,42.64454169644325,0.0,46.12484413547897
22.5,6.173165676349102,17.669705524187226,42.658442719631594,0.0,46.1731656763491
22.6,6.2215921318153296,17.762741662145817,42.67224610732088,0.0,46.22159213181533
22.700000000000003,6.27012217424191,17.855919726124394,42.685950109532236,0.0,46.27012217424191
22.8,6.318754473153221,17.94923930339494,42.69955297627498,0.0,46.31875447315322
22.900000000000002,6.367487695270219,18.04269997006096,42.713052957631085,0.0,46.36748769527022
23.0,6.416320504546996,18.136301291061464,42.72644830383953,0.0,46.416320504546995
23.1,6.465251562207428,18.23004282017559,42.739737265380846,0.0,46.46525156220743
23.200000000000003,6.5142795267818485,18.323924100027725,42.75291809306144,0.0,46.51427952678185
23.3,6.563403054143839,18.417944662093223,42.76598903809806,0.0,46.56340305414384
23.400000000000002,6.612620797547085,18.51210402670473,42.778948352202185,0.0,46.61262079754709
23.5,6.6619314076622915,18.606401703059042,42.79179428766434,0.0,46.661931407662294
23.6,6.7113335326141685,18.70083718922453,42.80452509743849,0.0,46.71133353261417
23.700000000000003,6.760825818018505,18.79540997214916,42.81713903522632,0.0,46.7608258180185
23.8,6.810406907019299,18.890119527669068,42.82963435556152,0.0,46.8104069070193
23.900000000000002,6.860075440325951,18.984965320517723,42.84200931389398,0.0,46.86007544032595
24.0,6.9098300562505255,19.079946804335616,42.85426216667402,0.0,46.90983005625053
24.1,6.959669390745098,19.175063421680576,42.866391171436504,0.0,46.9596693907451
24.200000000000003,7.009592077439133,19.270314604038614,42.878394586884944,0.0,47.00959207743913
24.3,7.059596747676961,19.36569977183535,42.890270672975525,0.0,47.05959674767696
24.400000000000002,7.109682030555284,19.461218334448002,42.90201769100106,0.0,47.109682030555284
24.5,7.159846552960772,19.556869690217958,42.91363390367495,0.0,47.15984655296077
24.6,7.21008893960771,19.6526532264639,42.925117575214955,0.0,47.21008893960771
24.700000000000003,7.260407813075677,19.74856831949548,42.93646697142702,0.0,47.26040781307567
24.8,7.310801793847343,19.8446143346276,42.947680359788954,0.0,47.31080179384735
24.900000000000002,7.36126950034627,19.940790626195238,42.95875600953401,0.0,47.36126950034627
25.0,7.411809548974793,20.03709653756882,42.96969219173445,0.0,47.411809548974794
25.1,7.4624205541519455,20.1335314011702,42.98048717938501,0.0,47.46242055415195
25.200000000000003,7.513101128351453,20.230094538489137,42.991139247486146,0.0,47.51310112835145
25.3,7.563849882139776,20.32678526010042,43.001646673127446,0.0,47.56384988213978
25.400000000000002,7.614665424214192,20.423602865681477,43.01200773557061,0.0,47.614665424214195
25.5,7.665546361440945,20.52054664403058,43.02222071633264,0.0,47.665546361440946
25.6,7.716491298893441,20.617615873085647,43.032283899268705,0.0,47.716491298893445
25.700000000000003,7.767498839890488,20.714809819943497,43.04219557065498,0.0,47.767498839890486
25.8,7.818567586034575,20.812127740879774,43.051954019271406,0.0,47.818567586034575
25.900000000000002,7.869696137250234,20.90956888136939,43.06155753648419,0.0,47.86969613725023
26.0,7.920883091822408,21.0071324761075,43.0710044163284,0.0,47.92088309182241
26.1,7.972127046434875,21.104817749031053,43.080292955590174,0.0,47.97212704643488
26.200000000000003,8.02342659620874,21.202623913340915,43.08942145388903,0.0,48.023426596208736
26.3,8.074780334740925,21.300550171524517,43.09838821375991,0.0,48.07478033474092
26.400000000000002,8.126186854142754,21.398595715379066,43.107191540735094,0.0,48.12618685414275
26.5,8.177644745078524,21.496759726035307,43.11582974342601,0.0,48.177644745078524
26.6,8.229152596804166,21.595041373981868,43.12430113360486,0.0,48.22915259680417
26.700000000000003,8.280708997205904,21.69343981909007,43.13260402628616,0.0,48.280708997205906
26.8,8.33231253283898,21.791954210639393,43.140736739808005,0.0,48.33231253283898
26.900000000000002,8.38396178896639,21.890583687343412,43.1486975959133,0.0,48.38396178896639
27.0,8.43565534959769,21.989327377376306,43.15648491983077,0.0,48.43565534959769
27.1,8.487391797527806,22.088184398399928,43.164097040355756,0.0,48.487391797527806
27.200000000000003,8.539169714375886,22.18715385759137,43.17153228993099,0.0,48.53916971437589
27.3,8.590987680624174,22.286234851671114,43.178789004726966,0.0,48.590987680624174
27.400000000000002,8.642844275656955,22.385426466931744,43.185865524722374,0.0,48.642844275656955
27.5,8.694738077799485,22.484727779267114,43.1927601937842,0.0,48.694738077799485
27.6,8.746667664356957,22.584137854202147,43.199471359747655,0.0,48.746667664356956
27.700000000000003,8.79863161165353,22.683655746923122,43.20599737449597,0.0,48.79863161165353
27.8,8.850628495071332,22.783280502308475,43.21233659403997,0.0,48.850628495071334
27.900000000000002,8.902656889089549,22.883011154960222,43.21848737859741,0.0,48.90265688908955
28.0,8.954715367323466,22.982846729235813,43.224448092672176,0.0,48.954715367323466
28.1,9.006802502563609,23.082786239280576,43.230217105133235,0.0,49.00680250256361
28.200000000000003,9.058916866814856,23.182828689060695,43.2357927892934,0.0,49.058916866814855
28.3,9.111057031335584,23.282973072396675,43.24117352298788,0.0,49.111057031335584
28.400000000000002,9.163221566676846,23.383218372997373,43.246357688652544,0.0,49.163221566676846
28.5,9.21540904272155,23.483563564494535,43.25134367340213,0.0,49.21540904272155
28.6,9.267618028723684,23.584007610477876,43.25612986910804,0.0,49.26761802872368
28.700000000000003,9.31984709334752,23.68454946453064,43.260714672476006,0.0,49.31984709334752
28.8,9.372094804706865,23.785188070265743,43.26509648512356,0.0,49.37209480470686
28.900000000000002,9.424359730404326,23.885922361362372,43.26927371365716,0.0,49.424359730404326
29.0,9.476640437570563,23.98675126160315,43.273244769749155,0.0,49.476640437570566
29.1,9.528935492903573,24.087673684911778,43.27700807021451,0.0,49.52893549290357
29.200000000000003,9.581243462708004,24.188688535391243,43.280562037087236,0.0,49.581243462708
29.3,9.633562912934437,24.28979470736246,43.28390509769662,0.0,49.63356291293444
29.400000000000002,9.685892409218718,24.390991085403503,43.287035684743124,0.0,49.68589240921872
29.5,9.73823051692127,24.492276544389284,43.28995223637417,0.0,49.73823051692127
29.6,9.79057580116643,24.593649949531788,43.292653196259465,0.0,49.790575801166426
29.700000000000003,9.842926826881795,24.695110156420782,43.29513701366628,0.0,49.84292682688179
29.8,9.895282158837542,24.79665601106501,43.29740214353427,0.0,49.895282158837546
29.900000000000002,9.947640361685805,24.898286349933947,43.29944704655012,0.0,49.94764036168581
30.0,9.999999999999996,24.999999999999996,43.30127018922194,0.0,50.0
30.1,10.052359638314197,25.101795778781227,43.30287004395327,0.0,50.0523596383142
30.200000000000003,10.104717841162461,25.203672494384527,43.30424508911694,0.0,50.10471784116246
30.3,10.157073173118205,25.305628945549376,43.30539380912853,0.0,50.15707317311821
30.400000000000002,10.20942419883357,25.407663921692006,43.30631469451961,0.0,50.209424198833574
30.5,10.26176948307873,25.509776202950054,43.30700624201063,0.0,50.26176948307873
30.6,10.314107590781283,25.611964560227808,43.30746695458359,0.0,50.31410759078128
30.700000000000003,10.366437087065563,25.71422775524177,43.307695341554336,0.0,50.36643708706556
30.8,10.418756537291996,25.816564540566848,43.3076899186446,0.0,50.418756537292
30.900000000000002,10.471064507096429,25.918973659682973,43.307449208053676,0.0,50.47106450709643
31.0,10.523359562429436,26.02145384702213,43.306971738529896,0.0,50.523359562429434
31.1,10.575640269595672,26.124003828016036,43.30625604544164,0.0,50.575640269595674
31.200000000000003,10.627905195293136,26.22662231914407,43.30530067084818,0.0,50.62790519529314
31.3,10.68015290665248,26.329308027981835,43.30410416357008,0.0,50.68015290665248
31.400000000000002,10.732381971276316,26.432059653250167,43.30266507925935,0.0,50.73238197127632
31.5,10.784590957278448,26.53487588486454,43.30098198046924,0.0,50.784590957278446
31.6,10.836778433323156,26.63775540398501,43.29905343672374,0.0,50.836778433323154
31.700000000000003,10.888942968664416,26.74069688306657,43.29687802458664,0.0,50.888942968664416
31.8,10.941083133185142,26.843698985909963,43.294454327730435,0.0,50.941083133185145
31.900000000000002,10.993197497436391,26.946760367713047,43.29178093700469,0.0,50.99319749743639
32.0,11.045284632676534,27.04987967512247,43.2888564505042,0.0,51.045284632676534
32.1,11.097343110910451,27.153055546285913,43.28567947363677,0.0,51.09734311091045
32.2,11.149371504928666,27.256286610904695,43.28224861919059,0.0,51.149371504928666
32.300000000000004,11.201368388346474,27.359571490286932,43.27856250740133,0.0,51.201368388346474
32.4,11.253332335643043,27.462908797400985,43.27461976601884,0.0,51.253332335643044
32.5,11.305261922200513,27.566297136929553,43.27041903037348,0.0,51.305261922200515
32.6,11.357155724343045,27.669735105324012,43.26595894344215,0.0,51.357155724343045
32.7,11.40901231937583,27.773221290859315,43.26123815591384,0.0,51.40901231937583
32.800000000000004,11.460830285624118,27.876754273689258,43.25625532625491,0.0,51.46083028562412
32.9,11.512608202472192,27.98033262590224,43.25100912077401,0.0,51.512608202472194
33.0,11.564344650402308,28.083954911577386,43.24549821368649,0.0,51.564344650402305
33.1,11.616038211033612,28.18761968684116,43.239721287178604,0.0,51.61603821103361
33.2,11.667687467161024,28.29132549992433,43.23367703147119,0.0,51.667687467161024
33.300000000000004,11.719291002794098,28.395070891219437,43.227364144883055,0.0,51.719291002794094
33.4,11.770847403195832,28.498854393338608,43.220781333893925,0.0,51.77084740319583
33.5,11.822355254921472,28.602674531171854,43.21392731320703,0.0,51.822355254921476
33.6,11.873813145857246,28.706529821945693,43.206800805811284,0.0,51.87381314585725
33.7,11.925219665259075,28.81041877528227,43.19940054304308,0.0,51.92521966525908
33.800000000000004,11.976573403791264,28.914339893258834,43.191725264647644,0.0,51.976573403791264
33.9,12.027872953565124,29.01829167046765,43.18377371884006,0.0,52.02787295356512
34.0,12.079116908177594,29.122272594076296,43.17554466236578,0.0,52.079116908177596
34.1,12.130303862749766,29.226281143888308,43.167036860560884,0.0,52.13030386274977
34.2,12.181432413965425,29.330315792404342,43.15824908741176,0.0,52.181432413965425
34.300000000000004,12.232501160109514,29.434375004883634,43.14918012561448,0.0,52.232501160109514
34.4,12.283508701106559,29.538457239405837,43.13982876663371,0.0,52.283508701106555
34.5,12.334453638559053,29.642560946933358,43.130193810761256,0.0,52.334453638559054
34.6,12.385334575785809,29.74668457137393,43.120274067174066,0.0,52.385334575785805
34.7,12.436150117860226,29.850826549643674,43.110068353991984,0.0,52.43615011786022
34.800000000000004,12.486898871648549,29.954985311730518,43.09957549833491,0.0,52.48689887164855
34.9,12.537579445848053,30.05915928075793,43.088794336379614,0.0,52.53757944584805
35.0,12.588190451025207,30.163346873049147,43.077723713416134,0.0,52.588190451025206
35.1,12.638730499653729,30.26754649819161,43.06636248390366,0.0,52.63873049965373
35.2,12.689198206152659,30.371756559101897,43.05470951152605,0.0,52.68919820615266
35.300000000000004,12.739592186924327,30.475975452090974,43.04276366924687,0.0,52.73959218692433
35.4,12.789911060392289,30.58020156692979,43.03052383936399,0.0,52.789911060392285
35.5,12.840153447039226,30.684433286915283,43.01798891356379,0.0,52.84015344703923
35.6,12.890317969444718,30.788668988936614,43.005157792974785,0.0,52.890317969444716
35.7,12.94040325232304,30.892907043541932,42.99202938822094,0.0,52.94040325232304
35.800000000000004,12.990407922560866,30.99714581500533,42.97860261947448,0.0,52.99040792256086
35.9,13.0403306092549,31.101383661394216,42.96487641650821,0.0,53.0403306092549
36.0,13.090169943749475,31.20561893463706,42.95084971874737,0.0,53.09016994374947
36.1,13.13992455967405,31.309849980591352,42.936521475321136,0.0,53.13992455967405
36.2,13.189593092980697,31.41407513911204,42.921890645113514,0.0,53.1895930929807
36.300000000000004,13.239174181981497,31.518292744120206,42.90695619681388,0.0,53.2391741819815
36.4,13.28866646738583,31.6225011236721,42.89171710896695,0.0,53.28866646738583
36.5,13.33806859233771,31.726698600028502,42.87617237002239,0.0,53.338068592337706
36.6,13.387379202452916,31.83088348972441,42.860320978383875,0.0,53.38737920245292
36.7,13.436596945856161,31.935054103638972,42.84416194245764,0.0,53.43659694585616
36.800000000000004,13.485720473218155,32.039208747065885,42.827694280700705,0.0,53.48572047321815
36.9,13.534748437792569,32.14334571978393,42.81091702166846,0.0,53.53474843779257
37.0,13.583679495453003,32.247463316127984,42.79382920406178,0.0,53.583679495453005
37.1,13.632512304729785,32.35155982506016,42.7764298767738,0.0,53.63251230472979
37.2,13.68124552684678,32.45563353024138,42.758718098936015,0.0,53.68124552684678
37.300000000000004,13.72987782575809,32.559682710103246,42.74069293996406,0.0,53.72987782575809
37.4,13.77840786818467,32.663705637920074,42.72235347960287,0.0,53.77840786818467
37.5,13.826834323650896,32.76770058188138,42.70369880797135,0.0,53.8268343236509
37.6,13.87515586452103,32.871665805164525,42.68472802560668,0.0,53.875155864521034
37.7,13.923371166035617,32.97559956600775,42.66544024350798,0.0,53.923371166035615
37.800000000000004,13.971478906347809,33.079500117783404,42.645834583179564,0.0,53.97147890634781
37.9,14.019477766559598,33.183365709071474,42.6259101766736,0.0,54.019477766559596
38.0,14.067366430758002,33.287194583733445,42.60566616663239,0.0,54.067366430758
38.1,14.115143586051087,33.3909849809863,42.585101706330036,0.0,54.11514358605109
38.2,14.162807922604015,33.49473513547697,42.564215959713636,0.0,54.16280792260402
38.300000000000004,14.210358133674909,33.598443277356836,42.54300810144399,0.0,54.21035813367491
38.400000000000006,14.257792915650727,33.702107632356686,42.52147731693577,0.0,54.257792915650725
38.5,14.305110968082948,33.80572642186176,42.499622802397205,0.0,54.30511096808295
38.6,14.352310993723274,33.90929786298721,42.477443764869165,0.0,54.35231099372327
38.7,14.399391698559151,34.01282016865363,42.45493942226387,0.0,54.39939169855915
38.800000000000004,14.446351791849278,34.11629154766298,42.432109003402935,0.0,54.44635179184928
38.900000000000006,14.493189986158967,34.219710204774664,42.40895174805499,0.0,54.49318998615897
39.0,14.539904997395467,34.32307434078189,42.38546690697275,0.0,54.53990499739547
39.1,14.58649554484315,34.42638215258826,42.36165374192954,0.0,54.586495544843146
39.2,14.63296035119862,34.52963183328451,42.337511525755325,0.0,54.63296035119862
39.300000000000004,14.679298142605736,34.6328215722256,42.31303954237218,0.0,54.67929814260574
39.400000000000006,14.725507648690543,34.73594955510798,42.288237086829255,0.0,54.725507648690545
39.5,14.771587602596083,34.839013964046956,42.26310346533722,0.0,54.771587602596085
39.6,14.817536741017154,34.94201297765454,42.23763799530209,0.0,54.81753674101715
39.7,14.863353804234904,35.044944771117194,42.21184000535871,0.0,54.863353804234904
39.800000000000004,14.90903753615141,35.14780751627402,42.18570883540344,0.0,54.90903753615141
39.900000000000006,14.954586684324076,35.25059938169503,42.15924383662652,0.0,54.95458668432408
40.0,14.999999999999998,35.35331853275966,42.13244437154379,0.0,55.0
40.1,15.04527623815019,35.4559631317355,42.10530981402791,0.0,55.045276238150194
40.2,15.090414157503712,35.55853133785714,42.077839549339004,0.0,55.090414157503716
40.300000000000004,15.135412520581703,35.66102130740527,42.05003297415478,0.0,55.1354125205817
40.400000000000006,15.180270093731302,35.763431193785976,42.02188949660014,0.0,55.1802700937313
40.5,15.224985647159489,35.865759147610135,41.993408536276156,0.0,55.224985647159485
40.6,15.269557954966775,35.968003316773085,41.964589524288584,0.0,55.26955795496677
40.7,15.31398579518083,36.070161846534404,41.93543190327578,0.0,55.31398579518083
40.800000000000004,15.358267949789969,36.17223287959786,41.9059351274361,0.0,55.35826794978997
40.900000000000006,15.402403204776554,36.27421455619156,41.87609866255471,0.0,55.402403204776554
41.0,15.446390350150267,36.376105014148216,41.845921986029865,0.0,55.44639035015027
41.1,15.490228179981319,36.477902388985676,41.815404586898666,0.0,55.490228179981315
41.2,15.533915492433444,36.57960481398741,41.784545965862165,0.0,55.533915492433444
41.300000000000004,15.5774510897969,36.68121042028334,41.75334563531003,0.0,55.5774510897969
41.400000000000006,15.62083377852131,36.782717336930716,41.721803119344614,0.0,55.62083377852131
41.5,15.664062369248331,36.884123690995146,41.689917953804354,0.0,55.66406236924833
41.6,15.707135676844315,36.98542760763181,41.657689686286815,0.0,55.70713567684432
41.7,15.750052520432787,37.086627210166746,41.62511787617104,0.0,55.75005252043279
41.800000000000004,15.792811723426789,37.187720620178276,41.5922020946393,0.0,55.79281172342679
41.900000000000006,15.835412113561178,37.2887059575786,41.55894192469843,0.0,55.835412113561176
42.0,15.87785252292473,37.38958134069548,41.525336961200466,0.0,55.87785252292473
42.1,15.920131787992196,37.49034488635408,41.491386810862814,0.0,55.9201317879922
42.2,15.962248749656158,37.5909947099588,41.457091092287705,0.0,55.962248749656155
42.300000000000004,16.004202253258843,37.69152892557544,41.422449435981356,0.0,56.00420225325884
42.400000000000006,16.04599114862375,37.791945646013225,41.38746148437221,0.0,56.04599114862375
42.5,16.087614290087206,37.892242982907085,41.352126891828945,0.0,56.0876142900872
42.6,16.129070536529767,37.992419046800045,41.316445324677666,0.0,56.12907053652977
42.7,16.170358751407484,38.09247194722559,41.280416461218636,0.0,56.170358751407484
42.800000000000004,16.211477802783104,38.19239979279024,41.24403999174249,0.0,56.21147780278311
42.900000000000006,16.25242656335705,38.29220069125613,41.207315618545714,0.0,56.25242656335705
43.0,16.293203910498374,38.39187274962372,41.17024305594575,0.0,56.29320391049838
43.1,16.333808726275507,38.4914140742146,41.13282203029532,0.0,56.33380872627551
43.2,16.3742398974869,38.59082277075428,41.0950522799964,0.0,56.3742398974869
43.300000000000004,16.41449631569158,38.690096944455135,41.0569335555134,0.0,56.41449631569158
43.400000000000006,16.454576877239507,38.78923470009943,41.01846561938595,0.0,56.454576877239504
43.5,16.494480483301835,38.88823414212229,40.97964824624103,0.0,56.494480483301835
43.6,16.534206039901058,38.987093374694915,40.940481222804465,0.0,56.53420603990106
43.7,16.57375245794096,39.08581050180759,40.90096434791199,0.0,56.573752457940955
43.800000000000004,16.61311865323652,39.18438362735306,40.86109743251963,0.0,56.61311865323652
43.900000000000006,16.652303546543614,39.28281085520967,40.82088029971352,0.0,56.652303546543614
44.0,16.691306063588577,39.38109028932471,40.78031278471917,0.0,56.69130606358858
44.1,16.73012513509773,39.47922003379781,40.73939473491016,0.0,56.73012513509773
44.2,16.76875969682661,39.57719819296418,40.6981260098162,0.0,56.768759696826606
44.300000000000004,16.807208689589178,39.67502287147814,40.6565064811307,0.0,56.807208689589174
44.400000000000006,16.845471059286886,39.772692174396504,40.61453603271767,0.0,56.845471059286886
44.5,16.88354575693754,39.87020420726199,40.572214560618136,0.0,56.88354575693754
44.6,16.921431738704065,39.96755707618679,40.52954197305587,0.0,56.921431738704065
44.7,16.95912796592314,40.06474888793598,40.48651819044262,0.0,56.959127965923145
44.800000000000004,16.996633405133657,40.161777750010984,40.443143145382756,0.0,56.99663340513366
44.900000000000006,17.03394702810504,40.25864177073319,40.39941678267729,0.0,57.03394702810504
45.0,17.071067811865476,40.35533905932737,40.35533905932738,0.0,57.071067811865476
45.1,17.10799473872992,40.4518677260052,40.310909944537144,0.0,57.10799473872992
45.2,17.144726796328037,40.548225882048754,40.26612941971606,0.0,57.14472679632804
45.300000000000004,17.18126297763189,40.64441163989397,40.22099747848065,0.0,57.18126297763189
45.400000000000006,17.21760228098362,40.74042311321419,40.175514126655614,0.0,57.21760228098362
45.5,17.253743710122876,40.83625841700354,40.12967938227444,0.0,57.253743710122876
45.6,17.28968627421412,40.9319156676604,40.08349327557935,0.0,57.28968627421412
45.7,17.32542898787379,41.027392983070776,40.036955849020735,0.0,57.32542898787379
45.800000000000004,17.360970871197345,41.122688482691736,39.99006715725597,0.0,57.360970871197345
45.900000000000006,17.3963109497861,41.217800287634674,39.942827267147706,0.0,57.3963109497861
46.0,17.43144825477394,41.312726520748654,39.89523625776149,0.0,57.43144825477394
46.1,17.46638182285391,41.40746530670371,39.84729422036285,0.0,57.46638182285391
46.2,17.501110696304597,41.50201477207398,39.79900125841386,0.0,57.50111069630459
46.300000000000004,17.53563392301638,41.59637304542089,39.75035748756903,0.0,57.53563392301638
46.400000000000006,17.569950556517565,41.6905382573763,39.70136303567071,0.0,57.56995055651757
46.5,17.60405965600031,41.78450854072552,39.65201804274379,0.0,57.60405965600031
46.6,17.637960286346424,41.87828203049033,39.602322660989955,0.0,57.63796028634643
46.7,17.671651518153,41.971856864011855,39.55227705478131,0.0,57.671651518153
46.800000000000004,17.70513242775789,42.065231181033454,39.50188140065338,0.0,57.70513242775789
46.900000000000006,17.738402097265066,42.158403123783486,39.45113588729766,0.0,57.738402097265066
47.0,17.771459614569707,42.25137083705797,39.4000407155534,0.0,57.77145961456971
47.1,17.804304073383296,42.344132468303286,39.348596098398986,0.0,57.80430407338329
47.2,17.836934573258397,42.43668616769861,39.296802260942684,0.0,57.8369345732584
47.300000000000004,17.869350219613374,42.52903008823841,39.24465944041277,0.0,57.869350219613374
47.400000000000006,17.901550123756905,42.621162385814756,39.19216788614713,0.0,57.901550123756905
47.5,17.933533402912353,42.71308121929958,39.139327859582345,0.0,57.93353340291235
47.6,17.965299180241963,42.804784750626844,39.086139634242,0.0,57.96529918024196
47.7,17.99684658487091,42.89627114487451,39.032603495724686,0.0,57.99684658487091
47.800000000000004,18.028174751911145,42.98753857034652,38.978719741691215,0.0,58.028174751911145
47.900000000000006,18.05928282248516,43.07858519865459,38.92448868185141,0.0,58.05928282248516
48.0,18.090169943749473,43.16940920479988,38.869910637950206,0.0,58.09016994374947
48.1,18.120835268918064,43.260008767254604,38.814985943753285,0.0,58.120835268918064
48.2,18.151277957285544,43.35038206804343,38.75971494503207,0.0,58.151277957285544
48.300000000000004,18.181497174250236,43.44052729282483,38.704097999548175,0.0,58.18149717425024
48.400000000000006,18.21149209133704,43.53044263097223,38.648135477037314,0.0,58.211492091337036
48.5,18.241261886220155,43.62012627565505,38.5918277591926,0.0,58.24126188622016
48.6,18.27080574274562,43.70957642391965,38.53517523964727,0.0,58.27080574274562
48.7,18.300122850953674,43.79879127676996,38.478178323956946,0.0,58.30012285095367
48.800000000000004,18.329212407100993,43.887769039248255,38.42083742958119,0.0,58.329212407101
48.900000000000006,18.358073613682706,43.976507920515445,38.363152985864595,0.0,58.358073613682706
49.0,18.38670567945424,44.06500613393145,38.305125434017285,0.0,58.38670567945424
49.1,18.41510781945306,44.153261897135295,38.24675522709483,0.0,58.415107819453056
49.2,18.44327925502015,44.241273432125126,38.18804282997766,0.0,58.44327925502015
49.300000000000004,18.47121921382137,44.32903896533787,38.12898871934987,0.0,58.47121921382137
49.400000000000006,18.498926929868638,44.41655672772903,38.069593383677464,0.0,58.49892692986864
49.5,18.526401643540922,44.50382495485197,38.009857323186104,0.0,58.52640164354092
49.6,18.553642601605066,44.590841886937284,37.9497810498382,0.0,58.55364260160506
49.7,18.580649057236446,44.677605768971816,37.889365087309564,0.0,58.58064905723644
49.800000000000004,18.607420270039437,44.76411485077756,37.828609970965445,0.0,58.60742027003944
49.900000000000006,18.633955506067718,44.85036738709032,37.76751624783597,0.0,58.63395550606772
50.0,18.66025403784439,44.936361637638285,37.706084476591165,0.0,58.66025403784439
50.1,18.68631514438191,45.02209586722026,37.644315227515264,0.0,58.68631514438191
50.2,18.712138111201895,45.10756834578378,37.582209082480645,0.0,58.712138111201895
50.300000000000004,18.737722230354656,45.192777348502986,37.51976663492105,0.0,58.737722230354656
50.400000000000006,18.763066800438637,45.2777211558563,37.45698848980436,0.0,58.76306680043864
50.5,18.788171126619652,45.36239805370388,37.393875263604855,0.0,58.78817112661965
50.6,18.813034520649925,45.44680633336488,37.3304275842748,0.0,58.81303452064992
50.7,18.837656300886934,45.53094429169443,37.26664609121564,0.0,58.837656300886934
50.800000000000004,18.862035792312145,45.614810231160455,37.20253143524853,0.0,58.86203579231214
50.900000000000006,18.88617232654949,45.6984024599202,37.13808427858446,0.0,58.88617232654949
51.0,18.91006524188368,45.78171929189657,37.07330529479368,0.0,58.91006524188368
51.1,18.933713883278376,45.86475904685423,37.00819516877472,0.0,58.93371388327837
51.2,18.957117602394128,45.94752005047543,36.942754596722885,0.0,58.95711760239413
51.300000000000004,18.980275757606158,46.03000063443559,36.87698428609807,0.0,58.98027575760616
51.400000000000006,19.003187714021937,46.11219913647867,36.81088495559221,0.0,59.003187714021934
51.5,19.025852843498605,46.194113900492255,36.744457335096136,0.0,59.025852843498605
51.6,19.048270524660197,46.27574327658243,36.677702165665856,0.0,59.0482705246602
51.7,19.070440142914652,46.35708562114828,36.61062019948842,0.0,59.07044014291465
51.800000000000004,19.092361090470686,46.4381392969563,36.54321219984715,0.0,59.09236109047069
51.900000000000006,19.114032766354455,46.518902673214356,36.47547894108641,0.0,59.114032766354455
52.0,19.13545457642601,46.59937412564554,36.40742120857589,0.0,59.135454576426014
52.1,19.15662593339561,46.67955203656161,36.33903979867425,0.0,59.15662593339561
52.2,19.17754625683981,46.759434794936254,36.27033551869241,0.0,59.17754625683981
52.300000000000004,19.19821497321738,46.83902079647802,36.20130918685617,0.0,59.198214973217375
52.400000000000006,19.218631515885004,46.91830844370299,36.13196163226843,0.0,59.21863151588501
52.5,19.238795325112868,46.9972961460071,36.06229369487083,0.0,59.23879532511287
52.6,19.25870584809995,47.07598231973829,35.992306225404946,0.0,59.25870584809995
52.7,19.2783625389892,47.154365388268204,35.922000085372915,0.0,59.2783625389892
52.800000000000004,19.297764858882513,47.232443782063754,35.8513761469976,0.0,59.297764858882516
52.900000000000006,19.31691227585549,47.31021593875825,35.78043529318223,0.0,59.316912275855486
53.0,19.335804264972015,47.387680303222254,35.709178417469545,0.0,59.33580426497201
53.1,19.354440308298674,47.46483532763423,35.637606424000424,0.0,59.35444030829868
53.2,19.372819894918916,47.541679471550665,35.5657202274721,0.0,59.37281989491892
53.300000000000004,19.390942520947092,47.61821120197612,35.49352075309573,0.0,59.39094252094709
53.400000000000006,19.408807689542257,47.69442899343279,35.42100893655364,0.0,59.40880768954226
53.5,19.426414910921782,47.77033132802977,35.34818572395596,0.0,59.42641491092178
53.6,19.443763702374813,47.84591669553211,35.27505207179678,0.0,59.44376370237481
53.7,19.46085358827545,47.92118359342934,35.20160894690993,0.0,59.460853588275455
53.800000000000004,19.477684100095857,47.9961305270038,35.12785732642413,0.0,59.47768410009586
53.900000000000006,19.494254776419037,48.07075600939867,35.05379819771777,0.0,59.49425477641904
54.0,19.510565162951536,48.14505856168551,34.979432558373134,0.0,59.510565162951536
54.1,19.52661481253586,48.21903671293157,34.9047614161302,0.0,59.52661481253586
54.2,19.54240328516277,48.29268900026675,34.82978578883995,0.0,59.54240328516277
54.300000000000004,19.557930147983303,48.366013968950114,34.7545067044172,0.0,59.5579301479833
54.400000000000006,19.573194975320675,48.439010172436205,34.678925200792975,0.0,59.573194975320675
54.5,19.58819734868193,48.511676172440836,34.60304232586638,0.0,59.58819734868193
54.6,19.602936856769432,48.58401053900667,34.52685913745606,0.0,59.60293685676943
54.7,19.617413095492115,48.65601185056831,34.45037670325116,0.0,59.61741309549211
54.800000000000004,19.631625667976582,48.727678694017165,34.37359610076183,0.0,59.63162566797658
54.900000000000006,19.64557418457798,48.799009664765755,34.296518417269326,0.0,59.64557418457798
55.0,19.65925826289068,48.87000336681183,34.219144749775545,0.0,59.65925826289068
55.1,19.67267752775877,48.94065841280204,34.14147620495217,0.0,59.672677527758765
55.2,19.68583161128631,49.010973424095184,34.06351389908944,0.0,59.68583161128631
55.300000000000004,19.698720152847468,49.08094703082514,33.985258958044334,0.0,59.69872015284747
55.400000000000006,19.71134279909636,49.15057787196338,33.9067125171884,0.0,59.71134279909636
55.5,19.723699203976764,49.21986459538108,33.82787572135511,0.0,59.723699203976764
55.6,19.735789028731602,49.28880585791094,33.748749724786784,0.0,59.7357890287316
55.7,19.74761194191222,49.35740032540842,33.66933569108105,0.0,59.74761194191222
55.800000000000004,19.759167619387476,49.425646672812796,33.58963479313698,0.0,59.759167619387476
55.900000000000006,19.77045574435264,49.49354358420764,33.50964821310059,0.0,59.77045574435264
56.0,19.781476007338057,49.56108975288101,33.42937714231016,0.0,59.78147600733806
56.1,19.792228106217657,49.62828388138517,33.348822781240855,0.0,59.79222810621766
56.2,19.802711746217216,49.69512468159595,33.267986339449216,0.0,59.80271174621721
56.300000000000004,19.812926639922452,49.76161087477164,33.186869035516956,0.0,59.81292663992245
56.400000000000006,19.82287250728689,49.8277411916115,33.10547209699454,0.0,59.82287250728689
56.5,19.832549075639545,49.893514372313874,33.02379676034426,0.0,59.83254907563955
56.6,19.841956079692416,49.95892916663384,32.94184427088288,0.0,59.841956079692416
56.7,19.85109326154774,50.023984333940476,32.85961588272393,0.0,59.85109326154774
56.800000000000004,19.85996037070505,50.088678643273674,32.777112858719576,0.0,59.85996037070505
56.900000000000006,19.868557164068076,50.15301087340049,32.69433647040202,0.0,59.86855716406808
57.0,19.87688340595138,50.21697981287117,32.61128799792465,0.0,59.876883405951375
57.1,19.884938868086834,50.28058426007468,32.527968730002605,0.0,59.884938868086834
57.2,19.892723329629884,50.34382302329372,32.44437996385311,0.0,59.89272332962989
57.300000000000004,19.900236577165575,50.406694920759435,32.36052300513528,0.0,59.90023657716557
57.400000000000006,19.90747840471444,50.46919878070561,32.27639916788969,0.0,59.90747840471444
57.5,19.914448613738106,50.531333441422426,32.19200977447739,0.0,59.9144486137381
57.6,19.92114701314478,50.5930977513098,32.10735615551864,0.0,59.921147013144775
57.7,19.927573419294454,50.65449056893021,32.022439649831306,0.0,59.927573419294454
57.800000000000004,19.933727656003963,50.71551076306114,31.937261604368715,0.0,59.93372765600397
57.900000000000006,19.939609554551797,50.77615721274703,31.851823374157327,0.0,59.939609554551794
58.0,19.945218953682733,50.83642880735074,31.766126322233923,0.0,59.94521895368273
58.1,19.950555699612263,50.89632444660467,31.680171819582423,0.0,59.950555699612266
58.2,19.9556196460308,50.95584304066124,31.593961245070382,0.0,59.9556196460308
58.300000000000004,19.960410654107697,51.01498351014307,31.50749598538517,0.0,59.9604106541077
58.400000000000006,19.964928592495042,51.073744786192584,31.420777434969615,0.0,59.96492859249504
58.5,19.96917333733128,51.13212581052119,31.33380699595755,0.0,59.969173337331284
58.6,19.97314477224458,51.190125535458,31.24658607810873,0.0,59.97314477224458
58.7,19.976842788356052,51.24774292399802,31.159116098743695,0.0,59.97684278835605
58.800000000000004,19.980267284282714,51.30497694984993,31.071398482677978,0.0,59.98026728428272
58.900000000000006,19.983418166140282,51.36182659748331,30.98343466215623,0.0,59.98341816614028
59.0,19.986295347545738,51.41829086217545,30.895226076785892,0.0,59.986295347545735
59.1,19.9888987496197,51.474368750057685,30.806774173470497,0.0,59.9888987496197
59.2,19.991228300988585,51.53005927816111,30.7180804063427,0.0,59.99122830098858
59.300000000000004,19.99328393778656,51.58536147446199,30.62914623669702,0.0,59.99328393778656
59.400000000000006,19.995065603657316,51.64027437792657,30.539973132922118,0.0,59.995065603657316
59.5,19.99657324975557,51.69479703855539,30.45056257043292,0.0,59.99657324975557
59.6,19.997806834748456,51.74892851742717,30.360916031602248,0.0,59.99780683474846
59.7,19.998766324816607,51.802667886742064,30.27103500569232,0.0,59.99876632481661
59.800000000000004,19.99945169365512,51.856014229864655,30.180920988785758,0.0,59.99945169365512
59.900000000000006,19.999862922474268,51.90896664136615,30.090575483716464,0.0,59.999862922474264
60.0,20.0,51.96152422706631,30.000000000000007,0.0,60.0
60.1,20.0,52.01380493613617,29.909264385229818,0.0,60.0
60.2,20.0,52.06592720213571,29.818437661653316,0.0,60.0
60.300000000000004,20.0,52.117890866291475,29.727520105944453,0.0,60.0
60.400000000000006,20.0,52.16969577031315,29.636511995053855,0.0,60.0
60.5,20.0,52.22134175639398,29.545413606208026,0.0,60.0
60.6,20.0,52.272828667211364,29.454225216908455,0.0,60.0
60.7,20.0,52.324156345927236,29.362947104930775,0.0,60.0
60.800000000000004,20.0,52.37532463618859,29.271579548323956,0.0,60.0
60.900000000000006,20.0,52.426333382127915,29.18012282540943,0.0,60.0
61.0,20.0,52.47718242836375,29.088577214780226,0.0,60.0
61.1,20.0,52.52787162000107,28.99694299530014,0.0,60.0
61.2,20.0,52.57840080263182,28.90522044610291,0.0,60.0
61.300000000000004,20.0,52.62876982233532,28.813409846591334,0.0,60.0
61.400000000000006,20.0,52.678978525678836,28.721511476436397,0.0,60.0
61.5,20.0,52.729026759717925,28.629525615576505,0.0,60.0
61.6,20.0,52.77891437199699,28.537452544216517,0.0,60.0
61.7,20.0,52.82864121054972,28.445292542826973,0.0,60.0
61.800000000000004,20.0,52.878207123899536,28.353045892143232,0.0,60.0
61.900000000000006,20.0,52.927611961060066,28.260712873164596,0.0,60.0
62.0,20.0,52.976855571535616,28.16829376715345,0.0,60.0
62.1,20.0,53.02593780532161,28.0757888556344,0.0,60.0
62.2,20.0,53.07485851290504,27.983198420393474,0.0,60.0
62.300000000000004,20.0,53.123617545264956,27.890522743477174,0.0,60.0
62.400000000000006,20.0,53.172214753872886,27.797762107191694,0.0,60.0
62.5,20.0,53.2206499906933,27.704916794102033,0.0,60.0
62.6,20.0,53.26892310818408,27.611987087031103,0.0,60.0
62.7,20.0,53.31703395929693,27.518973269058893,0.0,60.0
62.800000000000004,20.0,53.36498239747785,27.425875623521655,0.0,60.0
62.900000000000006,20.0,53.41276827666759,27.33269443401093,0.0,60.0
63.0,20.0,53.460391451302065,27.23942998437281,0.0,60.0
63.1,20.0,53.50785177631285,27.146082558706958,0.0,60.0
63.2,20.0,53.55514910712753,27.052652441365847,0.0,60.0
63.300000000000004,20.0,53.602283299670255,26.95913991695379,0.0,60.0
63.400000000000006,20.0,53.649254210362095,26.865545270326173,0.0,60.0
63.5,20.0,53.696061696121504,26.771868786588524,0.0,60.0
63.6,20.0,53.74270561436477,26.67811075109565,0.0,60.0
63.7,20.0,53.789185823006434,26.584271449450778,0.0,60.0
63.800000000000004,20.0,53.8355021804597,26.490351167504713,0.0,60.0
63.900000000000006,20.0,53.88165454563694,26.396350191354905,0.0,60.0
64.0,20.0,53.92764277795002,26.302268807344646,0.0,60.0
64.10000000000001,20.0,53.97346673731082,26.208107302062132,0.0,60.0
64.2,20.0,54.01912628413161,26.113865962339652,0.0,60.0
64.3,20.0,54.06462127932549,26.019545075252665,0.0,60.0
64.4,20.0,54.10995158430683,25.92514492811894,0.0,60.0
64.5,20.0,54.15511706099163,25.830665808497713,0.0,60.0
64.60000000000001,20.0,54.20011757179806,25.736108004188743,0.0,60.0
64.7,20.0,54.244952979646705,25.641471803231536,0.0,60.0
64.8,20.0,54.28962314796117,25.54675749390436,0.0,60.0
64.9,20.0,54.33412794066838,25.451965364723403,0.0,60.0
65.0,20.0,54.378467222199,25.357095704441967,0.0,60.0
65.10000000000001,20.0,54.4226408574879,25.262148802049456,0.0,60.0
65.2,20.0,54.46664871197452,25.167124946770628,0.0,60.0
65.3,20.0,54.510490651603305,25.072024428064612,0.0,60.0
65.4,20.0,54.55416654282411,24.97684753562407,0.0,60.0
65.5,20.0,54.59767625259259,24.88159455937435,0.0,60.0
65.60000000000001,20.0,54.64101964837063,24.786265789472505,0.0,60.0
65.7,20.0,54.68419659812672,24.69086151630652,0.0,60.0
65.8,20.0,54.72720697033638,24.595382030494363,0.0,60.0
65.9,20.0,54.77005063398257,24.499827622883085,0.0,60.0
66.0,20.0,54.812727458556054,24.404198584548013,0.0,60.0
66.10000000000001,20.0,54.85523731405583,24.308495206791743,0.0,60.0
66.2,20.0,54.89758007098949,24.2127177811434,0.0,60.0
66.3,20.0,54.93975560037366,24.116866599357614,0.0,60.0
66.4,20.0,54.98176377373438,24.020941953413693,0.0,60.0
66.5,20.0,55.023604463107446,23.924944135514775,0.0,60.0
66.60000000000001,20.0,55.06527754103887,23.828873438086834,0.0,60.0
66.7,20.0,55.10678288058523,23.7327301537779,0.0,60.0
66.8,20.0,55.14812035531406,23.636514575457078,0.0,60.0
66.9,20.0,55.18928983930426,23.540226996213683,0.0,60.0
67.0,20.0,55.23029120714642,23.44386770935642,0.0,60.0
67.10000000000001,20.0,55.27112433394328,23.347437008412367,0.0,60.0
67.2,20.0,55.31178909531003,23.250935187126174,0.0,60.0
67.3,20.0,55.35228536737478,23.15436253945912,0.0,60.0
67.4,20.0,55.392613026778854,23.05771935958822,0.0,60.0
67.5,20.0,55.43277195067721,22.96100594190539,0.0,60.0
67.60000000000001,20.0,55.47276201673879,22.864222581016442,0.0,60.0
67.7,20.0,55.51258310314693,22.767369571740307,0.0,60.0
67.8,20.0,55.55223508859969,22.670447209108037,0.0,60.0
67.9,20.0,55.59171785231024,22.573455788361926,0.0,60.0
68.0,20.0,55.63103127400724,22.476395604954718,0.0,60.0
68.10000000000001,20.0,55.6701752339352,22.379266954548523,0.0,60.0
68.2,20.0,55.70914961285481,22.282070133014084,0.0,60.0
68.3,20.0,55.74795429204337,22.18480543642976,0.0,60.0
68.4,20.0,55.78658915329509,22.087473161080673,0.0,60.0
68.5,20.0,55.825054078921475,21.990073603457837,0.0,60.0
68.60000000000001,20.0,55.863348951751696,21.892607060257177,0.0,60.0
68.7,20.0,55.90147365513293,21.7950738283787,0.0,60.0
68.8,20.0,55.93942807293073,21.697474204925545,0.0,60.0
68.9,20.0,55.977212089529345,21.599808487203074,0.0,60.0
69.0,20.0,56.01482558983211,21.502076972718022,0.0,60.0
69.10000000000001,20.0,56.052268459261775,21.4042799591775,0.0,60.0
69.2,20.0,56.08954058376087,21.306417744488215,0.0,60.0
69.3,20.0,56.126641849792044,21.208490626755427,0.0,60.0
69.4,20.0,56.163572144338396,21.110498904282103,0.0,60.0
69.5,20.0,56.20033135490385,21.012442875568045,0.0,60.0
69.60000000000001,20.0,56.236919369513494,20.91432283930891,0.0,60.0
69.7,20.0,56.27333607671385,20.81613909439535,0.0,60.0
69.8,20.0,56.30958136557336,20.717891939912086,0.0,60.0
69.9,20.0,56.34565512568255,20.619581675136963,0.0,60.0
70.0,20.0,56.3815572471545,20.52120859954013,0.0,60.0
70.10000000000001,20.0,56.41728762062514,20.422773012782994,0.0,60.0
70.2,20.0,56.45284613725353,20.324275214717474,0.0,60.0
70.3,20.0,56.48823268872228,20.225715505384926,0.0,60.0
70.4,20.0,56.523447167237805,20.12709418501529,0.0,60.0
70.5,20.0,56.558489465530705,20.028411554026253,0.0,60.0
70.60000000000001,20.0,56.593359476856065,19.92966791302219,0.0,60.0
70.7,20.0,56.628057094993764,19.830863562793382,0.0,60.0
70.8,20.0,56.66258221424886,19.731998804314998,0.0,60.0
70.9,20.0,56.696934729451854,19.633073938746232,0.0,60.0
71.0,20.0,56.731114535959,19.534089267429405,0.0,60.0
71.10000000000001,20.0,56.76512152965272,19.435045091888963,0.0,60.0
71.2,20.0,56.79895560694178,19.335941713830668,0.0,60.0
71.3,20.0,56.83261666476172,19.236779435140587,0.0,60.0
71.4,20.0,56.86610460057515,19.13755855788419,0.0,60.0
71.5,20.0,56.89941931237196,19.038279384305525,0.0,60.0
71.60000000000001,20.0,56.932560698669796,18.938942216826142,0.0,60.0
71.7,20.0,56.96552865851423,18.839547358044292,0.0,60.0
71.8,20.0,56.99832309147915,18.740095110733957,0.0,60.0
71.9,20.0,57.03094389766702,18.640585777843903,0.0,60.0
72.0,20.0,57.06339097770921,18.541019662496847,0.0,60.0
72.10000000000001,20.0,57.09566423276629,18.44139706798842,0.0,60.0
72.2,20.0,57.12776356452832,18.341718297786343,0.0,60.0
72.3,20.0,57.159688875215174,18.241983655529424,0.0,60.0
72.4,20.0,57.19144006757682,18.14219344502666,0.0,60.0
72.5,20.0,57.223017044893616,18.042347970256383,0.0,60.0
72.60000000000001,20.0,57.25441971097661,17.94244753536519,0.0,60.0
72.7,20.0,57.28564797016785,17.842492444667155,0.0,60.0
72.8,20.0,57.316701727340615,17.742483002642803,0.0,60.0
72.9,20.0,57.34758088789981,17.642419513938233,0.0,60.0
73.0,20.0,57.378285357782126,17.542302283364208,0.0,60.0
73.10000000000001,20.0,57.40881504345644,17.442131615895143,0.0,60.0
73.2,20.0,57.439169851924035,17.341907816668297,0.0,60.0
73.3,20.0,57.46934969071889,17.241631190982726,0.0,60.0
73.4,20.0,57.49935446790799,17.141302044298413,0.0,60.0
73.5,20.0,57.52918409209158,17.040920682235367,0.0,60.0
73.60000000000001,20.0,57.55883847240346,16.940487410572576,0.0,60.0
73.7,20.0,57.58831751851122,16.84000253524726,0.0,60.0
73.8,20.0,57.617621140616585,16.739466362353756,0.0,60.0
73.9,20.0,57.64674924945565,16.63887919814266,0.0,60.0
74.0,20.0,57.675701756299134,16.53824134901995,0.0,60.0
74.10000000000001,20.0,57.70447857295268,16.43755312154594,0.0,60.0
74.2,20.0,57.73307961175712,16.336814822434462,0.0,60.0
74.3,20.0,57.76150478558872,16.236026758551823,0.0,60.0
74.4,20.0,57.78975400785949,16.13518923691594,0.0,60.0
74.5,20.0,57.81782719251738,16.034302564695416,0.0,60.0
74.60000000000001,20.0,57.845724254046615,15.933367049208515,0.0,60.0
74.7,20.0,57.87344510746789,15.832382997922366,0.0,60.0
74.8,20.0,57.90098966833868,15.731350718451884,0.0,60.0
74.9,20.0,57.92835785275351,15.630270518558895,0.0,60.0
75.0,20.0,57.9555495773441,15.529142706151244,0.0,60.0
75.10000000000001,20.0,57.98256475927977,15.427967589281764,0.0,60.0
75.2,20.0,58.009403316267566,15.32674547614743,0.0,60.0
75.3,20.0,58.0360651665526,15.225476675088343,0.0,60.0
75.4,20.0,58.062550228918276,15.124161494586817,0.0,60.0
75.5,20.0,58.088858422686464,15.02280024326649,0.0,60.0
75.60000000000001,20.0,58.114989667717865,14.921393229891285,0.0,60.0
75.7,20.0,58.14094388441217,14.81994076336458,0.0,60.0
75.8,20.0,58.16672099370833,14.718443152728165,0.0,60.0
75.9,20.0,58.192320917084814,14.616900707161342,0.0,60.0
76.0,20.0,58.21774357655979,14.51531373598006,0.0,60.0
76.10000000000001,20.0,58.24298889469145,14.413682548635814,0.0,60.0
76.2,20.0,58.268056794578165,14.31200745471485,0.0,60.0
76.3,20.0,58.292947199858766,14.210288763937125,0.0,60.0
76.4,20.0,58.31766003471278,14.108526786155398,0.0,60.0
76.5,20.0,58.34219522386059,14.006721831354328,0.0,60.0
76.60000000000001,20.0,58.36655269256379,13.904874209649437,0.0,60.0
76.7,20.0,58.39073236662529,13.802984231286267,0.0,60.0
76.80000000000001,20.0,58.414734172389615,13.701052206639341,0.0,60.0
76.9,20.0,58.4385580367431,13.599078446211292,0.0,60.0
77.0,20.0,58.462203887114114,13.497063260631895,0.0,60.0
77.10000000000001,20.0,58.485671651473304,13.39500696065707,0.0,60.0
77.2,20.0,58.5089612583338,13.292909857168034,0.0,60.0
77.30000000000001,20.0,58.532072636751394,13.19077226117024,0.0,60.0
77.4,20.0,58.55500571632484,13.08859448379255,0.0,60.0
77.5,20.0,58.577760427196004,12.986376836286174,0.0,60.0
77.60000000000001,20.0,58.60033670005008,12.884119630023786,0.0,60.0
77.7,20.0,58.622734466115816,12.781823176498596,0.0,60.0
77.80000000000001,20.0,58.64495365716575,12.679487787323314,0.0,60.0
77.9,20.0,58.66699420551637,12.57711377422931,0.0,60.0
78.0,20.0,58.688856044028334,12.474701449065567,0.0,60.0
78.10000000000001,20.0,58.71053910610671,12.372251123797767,0.0,60.0
78.2,20.0,58.7320433257011,12.269763110507414,0.0,60.0
78.30000000000001,20.0,58.753368637305954,12.167237721390736,0.0,60.0
78.4,20.0,58.77451497596064,12.064675268757874,0.0,60.0
78.5,20.0,58.795482277249775,11.962076065031832,0.0,60.0
78.60000000000001,20.0,58.81627047730331,11.859440422747562,0.0,60.0
78.7,20.0,58.83687951279678,11.756768654551061,0.0,60.0
78.80000000000001,20.0,58.8573093209515,11.654061073198312,0.0,60.0
78.9,20.0,58.877559839534705,11.551317991554447,0.0,60.0
79.0,20.0,58.89763100685984,11.448539722592695,0.0,60.0
79.10000000000001,20.0,58.91752276178663,11.345726579393464,0.0,60.0
79.2,20.0,58.93723504372132,11.242878875143472,0.0,60.0
79.30000000000001,20.0,58.956767792616915,11.139996923134618,0.0,60.0
79.4,20.0,58.976120948973254,11.037081036763201,0.0,60.0
79.5,20.0,58.995294453837275,10.934131529528846,0.0,60.0
79.60000000000001,20.0,59.014288248803155,10.83114871503359,0.0,60.0
79.7,20.0,59.0331022760125,10.728132906980974,0.0,60.0
79.80000000000001,20.0,59.05173647815452,10.62508441917499,0.0,60.0
79.9,20.0,59.07019079846619,10.522003565519226,0.0,60.0
80.0,20.0,59.088465180732484,10.418890660015824,0.0,60.0
80.10000000000001,19.999691576447898,59.10625573836886,10.315692989780754,0.0,59.9996915764479
80.2,19.998766324816607,59.12325823573953,10.212359966726858,0.0,59.99876632481661
80.30000000000001,19.997224302180005,59.1394721303609,10.108895098296589,0.0,59.99722430218
80.4,19.995065603657313,59.15489692899107,10.005301899872256,0.0,59.99506560365731
80.5,19.992290362407232,59.16953218768307,9.901583894413916,0.0,59.99229036240723
80.60000000000001,19.9888987496197,59.18337751183394,9.797744612096878,0.0,59.9888987496197
80.7,19.98489097450538,59.19643255622973,9.693787589948585,0.0,59.984890974505376
80.80000000000001,19.980267284282714,59.20869702508637,9.589716371484817,0.0,59.98026728428272
80.9,19.975027964162702,59.22017067208626,9.485534506345575,0.0,59.975027964162706
81.0,19.96917333733128,59.230853300410914,9.381245549930298,0.0,59.969173337331284
81.10000000000001,19.96270376492941,59.24074476276931,9.276853063032796,0.0,59.962703764929415
81.2,19.9556196460308,59.249844961422156,9.172360611475726,0.0,59.9556196460308
81.30000000000001,19.947921417617263,59.25815384820202,9.067771765744611,0.0,59.947921417617266
81.4,19.939609554551797,59.26567142452917,8.963090100621745,0.0,59.939609554551794
81.5,19.930684569549264,59.272397741423475,8.858319194819513,0.0,59.930684569549264
81.60000000000001,19.92114701314478,59.27833289951193,8.753462630613683,0.0,59.921147013144775
81.7,19.910997473659748,59.2834770490322,8.648523993476422,0.0,59.91099747365975
81.80000000000001,19.900236577165575,59.28783038983182,8.543506871709,0.0,59.90023657716557
81.9,19.888864987445046,59.291393171363424,8.438414856074564,0.0,59.88886498744505
82.0,19.87688340595138,59.29416569267565,8.33325153943054,0.0,59.876883405951375
82.10000000000001,19.864292571764956,59.296148302399985,8.22802051636116,0.0,59.864292571764956
82.2,19.85109326154774,59.297341398733394,8.12272538280989,0.0,59.85109326154774
82.30000000000001,19.837286289495356,59.29774542941681,8.017369735711744,0.0,59.83728628949535
82.4,19.822872507286885,59.297360891709474,7.911957172625817,0.0,59.82287250728689
82.5,19.807852804032304,59.296188332359065,7.80649129136768,0.0,59.80785280403231
82.60000000000001,19.792228106217657,59.29422834756776,7.700975689642009,0.0,59.79222810621766
82.7,19.775999377647906,59.291481582954034,7.595413964675395,0.0,59.775999377647906
82.80000000000001,19.759167619387473,59.28794873351042,7.489809712849085,0.0,59.75916761938747
82.9,19.741733869698493,59.28363054355704,7.384166529332238,0.0,59.74173386969849
83.0,19.723699203976764,59.278527806691024,7.278488007715178,0.0,59.723699203976764
83.10000000000001,19.705064734685426,59.27264136573178,7.1727777396430685,0.0,59.70506473468542
83.2,19.68583161128631,59.26597211266212,7.067039314449897,0.0,59.68583161128631
83.30000000000001,19.66600102016907,59.25852098856529,6.961276318792684,0.0,59.66600102016907
83.4,19.645574184577978,59.25028898355784,6.855492336286279,0.0,59.64557418457798
83.5,19.62455236453647,59.24127713671836,6.749690947138377,0.0,59.62455236453647
83.60000000000001,19.60293685676943,59.23148653601218,6.643875727785116,0.0,59.60293685676943
83.7,19.58072899462319,59.220918318211794,6.538050250527234,0.0,59.580728994623186
83.80000000000001,19.5579301479833,59.20957366881342,6.432218083166497,0.0,59.5579301479833
83.9,19.53454172319001,59.197453821949246,6.326382788643008,0.0,59.53454172319001
84.0,19.510565162951536,59.184560060295695,6.220547924672877,0.0,59.510565162951536
84.10000000000001,19.486001946255044,59.1708937149776,6.11471704338665,0.0,59.486001946255044
84.2,19.46085358827545,59.15645616546828,6.008893690968425,0.0,59.460853588275455
84.30000000000001,19.435121640281935,59.141248839485556,5.903081407295538,0.0,59.435121640281935
84.4,19.408807689542254,59.12527321288376,5.797283725579189,0.0,59.40880768954226
84.5,19.381913359224843,59.10853080954159,5.691504172005652,0.0,59.38191335922484
84.60000000000001,19.35444030829867,59.09102320124607,5.5857462653784244,0.0,59.35444030829867
84.7,19.326390231430942,59.07275200757231,5.4800135167612325,0.0,59.32639023143094
84.80000000000001,19.297764858882513,59.05371889575943,5.374309429121764,0.0,59.297764858882516
84.9,19.268565956401208,59.03392558058233,5.26863749697659,0.0,59.268565956401204
85.0,19.238795325112868,59.01337382421952,5.163001206036711,0.0,59.23879532511287
85.10000000000001,19.20845480141026,58.992065436116995,5.057404032854347,0.0,59.208454801410255
85.2,19.17754625683981,58.970002272848106,4.9518494444706915,0.0,59.17754625683981
85.30000000000001,19.146071597986133,58.9471862379694,4.846340898064596,0.0,59.146071597986136
85.4,19.114032766354452,58.92361928187264,4.740881840602545,0.0,59.114032766354455
85.5,19.081431738250814,58.89930340163281,4.63547570848956,0.0,59.081431738250814
85.60000000000001,19.04827052466019,58.87424064085217,4.530125927221398,0.0,59.04827052466019
85.7,19.014551171122456,58.848433089500524,4.424835911037931,0.0,59.014551171122456
85.80000000000001,18.98027575760615,58.82188288375136,4.319609062577619,0.0,58.98027575760615
85.9,18.94544639838025,58.79459220581438,4.214448772533504,0.0,58.94544639838025
86.0,18.91006524188368,58.76656328376397,4.109358419310164,0.0,58.91006524188368
86.10000000000001,18.87413447059283,58.73779839136385,4.004341368682267,0.0,58.87413447059283
86.2,18.837656300886934,58.708299847887965,3.8994009734544175,0.0,58.837656300886934
86.30000000000001,18.800632982911317,58.67807001793743,3.79454057312227,0.0,58.80063298291132
86.4,18.763066800438637,58.64711131125375,3.6897634935352843,0.0,58.76306680043864
86.5,18.72496007072797,58.61542618252825,3.58507304656073,0.0,58.724960070727974
86.60000000000001,18.686315144381908,58.583017131207654,3.480472529749323,0.0,58.68631514438191
86.7,18.64713440520155,58.549886701296,3.37596522600239,0.0,58.647134405201555
86.80000000000001,18.607420270039434,58.51603748115269,3.271554403240451,0.0,58.607420270039434
86.9,18.567175188650495,58.48147210328699,3.167243314073603,0.0,58.567175188650495
87.0,18.526401643540922,58.446193244148596,3.0630351954733217,0.0,58.52640164354092
87.10000000000001,18.485102149815035,58.41020362391474,2.958933268446037,0.0,58.485102149815035
87.2,18.443279255020148,58.37350600627344,2.8549407377084686,0.0,58.443279255020144
87.30000000000001,18.400935538989415,58.336103198203205,2.751060791364411,0.0,58.400935538989415
87.4,18.3580736136827,58.29799804974908,2.647296600583601,0.0,58.3580736136827
87.5,18.314696123025453,58.25919345379504,2.5436513192821053,0.0,58.314696123025456
87.60000000000001,18.270805742745612,58.219692345832804,2.4401280838046664,0.0,58.27080574274561
87.7,18.226405180208598,58.17949770372718,2.3367300126088932,0.0,58.2264051802086
87.80000000000001,18.18149717425023,58.13861254747759,2.233460205951192,0.0,58.181497174250225
87.9,18.136084495007868,58.09703993897645,2.130321745574811,0.0,58.136084495007864
88.0,18.090169943749473,58.05478298176361,2.027317694399612,0.0,58.09016994374947
88.10000000000001,18.043756352700843,58.0118448207776,1.9244510962139385,0.0,58.04375635270084
88.2,17.9968465848709,57.96822864210334,1.8217249753685407,0.0,57.9968465848709
88.30000000000001,17.949443533875098,57.923937672716335,1.7191423364722687,0.0,57.9494435338751
88.4,17.901550123756902,57.878975180223485,1.6167061640901483,0.0,57.901550123756905
88.5,17.85316930880745,57.833344472600466,1.5144194224432854,0.0,57.85316930880745
88.60000000000001,17.804304073383292,57.787048897925786,1.4122850551110275,0.0,57.80430407338329
88.7,17.754957431722342,57.74009184411147,1.3103059847352716,0.0,57.754957431722346
88.80000000000001,17.705132427757885,57.692476738630255,1.2084851127268157,0.0,57.70513242775789
88.9,17.654832134930878,57.64420704823977,1.1068253189741108,0.0,57.65483213493088
89.0,17.60405965600031,57.59528627870318,1.0053294615540482,0.0,57.60405965600031
89.10000000000001,17.552818122851832,57.54571797450657,0.9040003764451356,0.0,57.55281812285183
89.2,17.501110696304593,57.49550571857336,0.8028408772429645,0.0,57.50111069630459
89.30000000000001,17.448940565916217,57.44465313197511,0.7018537548778487,0.0,57.44894056591622
89.4,17.396310949786095,57.39316387363946,0.6010417773350661,0.0,57.3963109497861
89.5,17.343225094356857,57.341041640054726,0.50040768937715,0.0,57.34322509435685
89.60000000000001,17.28968627421411,57.28829016497145,0.3999542122688352,0.0,57.289686274214105
89.7,17.23569779188449,57.234913219100804,0.2996840435043663,0.0,57.23569779188449
89.80000000000001,17.18126297763188,57.18091460980985,0.1995998565371422,0.0,57.18126297763188
89.9,17.12638518925205,57.12629818081384,0.09970430051203193,0.0,57.12638518925205
90.0,17.071067811865476,57.071067811865476,3.4945950259861295e-15,0.0,57.071067811865476
90.10000000000001,17.015314257708553,57.01522741844101,-0.099510445264588,0.0,57.01531425770855
90.2,16.95912796592314,56.95878095142361,-0.19882446064415607,0.0,56.959127965923145
90.30000000000001,16.902512402344364,56.90173239678356,-0.297939496855595,0.0,56.902512402344364
90.4,16.845471059286883,56.844085775255664,-0.3968530302251316,0.0,56.84547105928688
90.5,16.78800745532942,56.785845142013706,-0.4955625629408594,0.0,56.78800745532942
90.60000000000001,16.73012513509773,56.727014586341994,-0.5940656233023626,0.0,56.73012513509773
90.7,16.671827669045992,56.66759823130425,-0.6923597659677223,0.0,56.671827669045996
90.80000000000001,16.613118653236512,56.607600233409414,-0.7904425721979275,0.0,56.61311865323651
90.9,16.554001709117937,56.547024782274924,-0.8883116500983684,0.0,56.55400170911794
91.0,16.49448048330184,56.48587610028708,-0.9859646348577629,0.0,56.49448048330184
91.10000000000001,16.434558647337784,56.424158442258715,-1.0833991889841796,0.0,56.43455864733778
91.2,16.3742398974869,56.36187609508436,-1.180613002538263,0.0,56.3742398974869
91.30000000000001,16.313527954493768,56.29903337739231,-1.2776037933637523,0.0,56.313527954493765
91.4,16.252426563357048,56.23563463919464,-1.3743693073149763,0.0,56.25242656335705
91.5,16.19093949309834,56.17168426153408,-1.4709073184816557,0.0,56.19093949309834
91.60000000000001,16.12907053652976,56.107186656128675,-1.5672156294107096,0.0,56.12907053652976
91.7,16.066823510019997,56.042146265013784,-1.6632920713250847,0.0,56.06682351002
91.80000000000001,16.004202253258835,55.9765675601815,-1.7591345043398947,0.0,56.00420225325884
91.9,15.941210629020382,55.910455043217745,-1.8547408176752986,0.0,55.94121062902038
92.0,15.877852522924732,55.84381324493682,-1.9501089298666465,0.0,55.877852522924734
92.10000000000001,15.8141318431983,55.77664672501351,-2.045236788971491,0.0,55.8141318431983
92.2,15.750052520432781,55.708960071612964,-2.140122372773583,0.0,55.75005252043278
92.30000000000001,15.685618507342634,55.64075790101802,-2.2347636889839486,0.0,55.68561850734263
92.4,15.620833778521304,55.57204485725438,-2.329158775438728,0.0,55.6208337785213
92.5,15.555702330196022,55.502825611713405,-2.423305700294114,0.0,55.55570233019602
92.60000000000001,15.490228179981314,55.4331048627727,-2.5172025622180882,0.0,55.490228179981315
92.7,15.424415366631186,55.36288733541451,-2.61084749057898,0.0,55.42441536663119
92.80000000000001,15.358267949789958,55.29217778084182,-2.7042386456311283,0.0,55.35826794978996
92.9,15.291790009741902,55.220980976092434,-2.7973742186970947,0.0,55.2917900097419
93.0,15.224985647159489,55.14930172365089,-2.8902524323469403,0.0,55.224985647159485
93.10000000000001,15.15785898285047,55.077144851058236,-2.9828715405741852,0.0,55.15785898285047
93.2,15.090414157503712,55.004515210519834,-3.0752298289685562,0.0,55.090414157503716
93.30000000000001,15.022655331433716,54.93141767851109,-3.167325614885636,0.0,55.02265533143372
93.4,14.954586684324072,54.8578571553813,-3.259157247613091,0.0,54.95458668432407
93.5,14.88621241496955,54.78383856495541,-3.3507231085338156,0.0,54.88621241496955
93.60000000000001,14.817536741017147,54.70936685413392,-3.4420216112856923,0.0,54.81753674101715
93.7,14.748563898705944,54.63444699249104,-3.5330512019180538,0.0,54.748563898705946
93.80000000000001,14.679298142605726,54.55908397187075,-3.623810359044978,0.0,54.679298142605724
93.9,14.60974374535462,54.48328280598133,-3.7142975939950205,0.0,54.60974374535462
94.0,14.539904997395467,54.40704852998785,-3.8045114509579068,0.0,54.53990499739547
94.10000000000001,14.469786206711204,54.330386200103156,-3.8944505071276456,0.0,54.469786206711206
94.2,14.39939169855915,54.25330089317704,-3.984113372842328,0.0,54.39939169855915
94.30000000000001,14.328725815204134,54.17579770628374,-4.073498691720657,0.0,54.32872581520414
94.4,14.257792915650722,54.09788175630785,-4.162605140794912,0.0,54.257792915650725
94.5,14.186597375374282,54.01955817952864,-4.251431430640679,0.0,54.186597375374284
94.60000000000001,14.115143586051083,53.940832131202775,-4.339976305503049,0.0,54.11514358605108
94.7,14.043435955287446,53.8617087851456,-4.428238543419382,0.0,54.04343595528745
94.80000000000001,13.971478906347796,53.78219333331083,-4.516216956338756,0.0,53.9714789063478
94.9,13.899276877881878,53.70229098536889,-4.603910390237733,0.0,53.899276877881874
95.0,13.826834323650898,53.62200696828381,-4.691317725232938,0.0,53.8268343236509
95.10000000000001,13.754155712252825,53.541346525888706,-4.778437875689935,0.0,53.754155712252825
95.2,13.68124552684678,53.46031491846005,-4.8652697903286715,0.0,53.68124552684678
95.30000000000001,13.608108264876408,53.37891742229046,-4.951812452325517,0.0,53.60810826487641
95.4,13.534748437792567,53.29715932926043,-5.038064879411631,0.0,53.534748437792565
95.5,13.461170570774929,53.215045946408665,-5.124026123967973,0.0,53.461170570774925
95.60000000000001,13.387379202452907,53.13258259550129,-5.209695273116667,0.0,53.387379202452905
95.7,13.313378884625708,53.04977461260004,-5.295071448808832,0.0,53.313378884625706
95.80000000000001,13.239174181981486,52.96662734762906,-5.380153807908969,0.0,53.23917418198148
95.9,13.164769671815858,52.88314616394094,-5.464941542275634,0.0,53.16476967181586
96.0,13.090169943749475,52.79933643788146,-5.549433878838702,0.0,53.09016994374947
96.10000000000001,13.01537959944495,52.71520355835353,-5.633630079672911,0.0,53.01537959944495
96.2,12.940403252323037,52.63075292638005,-5.71752944206793,0.0,52.94040325232304
96.30000000000001,12.865245527277978,52.545989954665885,-5.801131298594822,0.0,52.86524552727798
96.4,12.789911060392289,52.460920067158995,-5.884435017168824,0.0,52.789911060392285
96.5,12.714404498650742,52.37554869861067,-5.967440001108663,0.0,52.714404498650744
96.60000000000001,12.638730499653724,52.28988129413496,-6.050145689192153,0.0,52.638730499653725
96.7,12.562893731329963,52.2039233087674,-6.1325515557081856,0.0,52.562893731329964
96.80000000000001,12.48689887164854,52.117680207022914,-6.2146571105051995,0.0,52.48689887164854
96.9,12.410750608330384,52.03115746245314,-6.29646189903587,0.0,52.41075060833038
97.0,12.334453638559054,51.94436055720298,-6.377965502398317,0.0,52.334453638559054
97.10000000000001,12.258012668691032,51.85729498156659,-6.4591675373736,0.0,52.25801266869103
97.2,12.181432413965425,51.76996623354292,-6.540067656459492,0.0,52.181432413965425
97.30000000000001,12.104717598213048,51.68237981839044,-6.620665547900852,0.0,52.10471759821305
97.4,12.027872953565119,51.59454124818168,-6.700960935716069,0.0,52.02787295356512
97.5,11.950903220161283,51.50645604135704,-6.780953579720069,0.0,51.95090322016128
97.60000000000001,11.873813145857241,51.41812972227841,-6.86064327554355,0.0,51.87381314585724
97.7,11.796607485931926,51.329567820782266,-6.940029854648571,0.0,51.79660748593193
97.80000000000001,11.719291002794085,51.2407758717324,-7.019113184340575,0.0,51.71929100279409
97.9,11.641868465688624,51.15175941457259,-7.097893167776613,0.0,51.641868465688624
98.0,11.56434465040231,51.062523992878624,-7.176369743970047,0.0,51.56434465040231
98.10000000000001,11.486724338969223,50.97307515391042,-7.254542887791486,0.0,51.486724338969225
98.2,11.409012319375824,50.883418448163894,-7.332412609966083,0.0,51.409012319375826
98.30000000000001,11.331213385265517,50.7935594289225,-7.409978957067248,0.0,51.331213385265514
98.4,11.253332335643037,50.70350365180896,-7.487242011506524,0.0,51.25333233564304
98.5,11.175373974578378,50.613256674336604,-7.564201891520033,0.0,51.17537397457838
98.60000000000001,11.097343110910447,50.522824055460966,-7.6408587511510655,0.0,51.097343110910444
98.7,11.019244557950499,50.432211355131265,-7.717212780229069,0.0,51.0192445579505
98.80000000000001,10.941083133185135,50.341424133841834,-7.793264204345041,0.0,50.94108313318513
98.9,10.86286365797923,50.250467952183904,-7.869013284823147,0.0,50.86286365797923
99.0,10.78459095727845,50.1593483703972,-7.944460318688798,0.0,50.78459095727845
99.10000000000001,10.70626985931166,50.068070947921925,-8.019605638633008,0.0,50.70626985931166
99.2,10.627905195293133,49.97664124295098,-8.09444961297308,0.0,50.62790519529313
99.30000000000001,10.549501799124448,49.88506481198215,-8.168992645609753,0.0,50.54950179912445
99.4,10.471064507096422,49.79334720937091,-8.24323517598052,0.0,50.47106450709642
99.5,10.392598157590687,49.70149398688331,-8.317177679009541,0.0,50.39259815759068
99.60000000000001,10.314107590781276,49.60951069324935,-8.390820665053731,0.0,50.314107590781276
99.7,10.235597648336102,49.51740287371675,-8.464164679845256,0.0,50.2355976483361
99.80000000000001,10.1570731731182,49.425176069605044,-8.537210304430504,0.0,50.1570731731182
99.9,10.078539008887109,49.332835817860335,-8.609958155105277,0.0,50.078539008887105
100.0,10.0,49.2403876506104,-8.682408883346515,0.0,50.0
100.10000000000001,9.921460991112879,49.14783709472042,-8.754563175740314,0.0,49.92146099111288
100.2,9.84292682688179,49.05518967134937,-8.826421753906352,0.0,49.84292682688179
100.30000000000001,9.764402351663891,48.962450895506855,-8.897985374418786,0.0,49.76440235166389
100.4,9.685892409218713,48.86962627561089,-8.969254828723447,0.0,49.68589240921871
100.5,9.607401842409317,48.776721313046124,-9.04023094305159,0.0,49.60740184240932
100.60000000000001,9.528935492903567,48.68374150172292,-9.110914578329915,0.0,49.52893549290357
100.7,9.45049820087554,48.59069232763733,-9.18130663008714,0.0,49.45049820087554
100.80000000000001,9.372094804706858,48.49757926843167,-9.251408028357007,0.0,49.37209480470686
100.9,9.293730140688329,48.40440779295619,-9.32121973757762,0.0,49.293730140688325
101.0,9.215409042721552,48.31118336083145,-9.390742756487418,0.0,49.215409042721554
101.10000000000001,9.137136342020758,48.21791142201172,-9.459978118017474,0.0,49.13713634202076
101.2,9.058916866814856,48.12459741634944,-9.528926889180322,0.0,49.058916866814855
101.30000000000001,8.98075544204949,48.03124677316052,-9.597590170955318,0.0,48.98075544204949
101.4,8.90265688908954,47.93786491079084,-9.66596909817039,0.0,48.90265688908954
101.5,8.824626025421624,47.84445723618375,-9.734064839380432,0.0,48.82462602542162
101.60000000000001,8.746667664356952,47.75102914444873,-9.801878596742123,0.0,48.74666766435695
101.7,8.668786614734474,47.65758601843126,-9.869411605885245,0.0,48.66878661473447
101.80000000000001,8.590987680624167,47.56413322828378,-9.936665135780727,0.0,48.59098768062417
101.9,8.513275661030766,47.470676131038026,-10.003640488604994,0.0,48.51327566103077
102.0,8.435655349597694,47.37722007017851,-10.070338999601107,0.0,48.435655349597695
102.10000000000001,8.358131534311365,47.28377037521739,-10.136762036936341,0.0,48.35813153431137
102.2,8.2807089972059,47.19033236127076,-10.202911001556387,0.0,48.2807089972059
102.30000000000001,8.203392514068065,47.09691132863612,-10.26878732703624,0.0,48.203392514068064
102.4,8.126186854142752,47.00351256237148,-10.33439247942756,0.0,48.12618685414275
102.5,8.049096779838719,46.91014133187579,-10.399727957102831,0.0,48.04909677983872
102.60000000000001,7.972127046434867,46.81680289047092,-10.464795290596049,0.0,47.97212704643486
102.7,7.895282401786943,46.72350247498524,-10.529596042440112,0.0,47.89528240178694
102.80000000000001,7.8185675860345665,46.63024530533854,-10.594131807000927,0.0,47.81856758603457
102.9,7.741987331308959,46.537036584128906,-10.658404210308102,0.0,47.74198733130896
103.0,7.665546361440947,46.44388149622085,-10.72241490988252,0.0,47.665546361440946
103.10000000000001,7.5892493916696075,46.350785208335424,-10.786165594560483,0.0,47.58924939166961
103.2,7.513101128351449,46.25775286864192,-10.849657984314634,0.0,47.51310112835145
103.30000000000001,7.4371062686700276,46.16478960635124,-10.912893830071727,0.0,47.43710626867003
103.4,7.361269500346267,46.07190053131125,-10.975874913527026,0.0,47.36126950034627
103.5,7.285595501349256,45.97909073360371,-11.038603046955638,0.0,47.285595501349256
103.60000000000001,7.210088939607702,45.886365283143256,-11.10108007302057,0.0,47.2100889396077
103.7,7.134754472722015,45.79372922927819,-11.163307864577607,0.0,47.134754472722015
103.80000000000001,7.0595967476769514,45.7011876003931,-11.225288324477134,0.0,47.05959674767695
103.9,6.984620400555041,45.60874540351367,-11.287023385362655,0.0,46.984620400555045
104.0,6.909830056250526,45.516407623913175,-11.348515009466398,0.0,46.90983005625053
104.10000000000001,6.835230328184132,45.424179224721236,-11.409765188401664,0.0,46.83523032818413
104.2,6.760825818018505,45.33206514653459,-11.470775942952141,0.0,46.7608258180185
104.30000000000001,6.686621115374284,45.24007030702981,-11.531549322858218,0.0,46.68662111537429
104.4,6.612620797547082,45.14819960057832,-11.59208740660015,0.0,46.61262079754708
104.5,6.538829429225073,45.056457897863496,-11.652392301178331,0.0,46.538829429225075
104.60000000000001,6.465251562207424,44.964850045499865,-11.712466141890463,0.0,46.46525156220743
104.7,6.391891735123579,44.87338086565476,-11.77231109210579,0.0,46.39189173512358
104.80000000000001,6.318754473153212,44.78205515567195,-11.831929343036414,0.0,46.31875447315321
104.9,6.245844287747166,44.6908776876978,-11.89132311350558,0.0,46.24584428774717
105.0,6.173165676349103,44.599853208309554,-11.950494649713166,0.0,46.1731656763491
105.10000000000001,6.10072312211811,44.50898643814609,-12.009446224998165,0.0,46.10072312211811
105.2,6.028521093652193,44.418282071541086,-12.068180139598388,0.0,46.028521093652195
105.30000000000001,5.956564044712542,44.3277447761584,-12.126698720407301,0.0,45.95656404471254
105.4,5.884856413948906,44.23737919263017,-12.185004320727973,0.0,45.88485641394891
105.5,5.813402624625722,44.1471899341972,-12.243099320024328,0.0,45.81340262462572
105.60000000000001,5.742207084349269,44.05718158635186,-12.300986123669546,0.0,45.74220708434927
105.7,5.671274184795855,43.96735870648368,-12.358667162691706,0.0,45.671274184795855
105.80000000000001,5.6006083014408405,43.87772582352728,-12.416144893516782,0.0,45.60060830144084
105.9,5.530213793288786,43.78828743761312,-12.473421797708808,0.0,45.53021379328879
106.0,5.4600950026045325,43.69904801972073,-12.530500381707485,0.0,45.46009500260453
106.10000000000001,5.390256254645374,43.610012011334625,-12.587383176563074,0.0,45.39025625464537
106.2,5.320701857394264,43.52118382410301,-12.64407273766858,0.0,45.32070185739426
106.30000000000001,5.251436101294045,43.43256783949904,-12.700571644489534,0.0,45.25143610129405
106.4,5.182463258982846,43.344168408484954,-12.756882500290962,0.0,45.18246325898285
106.5,5.113787585030449,43.255989851178875,-12.81300793186197,0.0,45.11378758503045
106.60000000000001,5.045413315675919,43.16803645652454,-12.868950589237715,0.0,45.045413315675916
106.7,4.977344668566275,43.08031248196377,-12.924713145418878,0.0,44.977344668566275
106.80000000000001,4.909585842496279,42.992822153111774,-12.980298296088707,0.0,44.90958584249628
106.9,4.842141017149522,42.90556966343548,-13.03570875932754,0.0,44.84214101714952
107.0,4.775014352840512,42.81855917393456,-13.090947275324982,0.0,44.775014352840515
107.10000000000001,4.708209990258087,42.7317948128256,-13.14601660608963,0.0,44.708209990258084
107.2,4.641732050210031,42.64528067522917,-13.200919535156427,0.0,44.64173205021003
107.30000000000001,4.575584633368806,42.55902082285981,-13.25565886729175,0.0,44.575584633368805
107.4,4.509771820018681,42.473019283719154,-13.310237428196034,0.0,44.509771820018685
107.5,4.444297669803977,42.38728005179198,-13.364658064204308,0.0,44.44429766980398
107.60000000000001,4.379166221478689,42.30180708674547,-13.418923641984334,0.0,44.37916622147869
107.7,4.314381492657359,42.21660431363147,-13.473037048232516,0.0,44.31438149265736
107.80000000000001,4.249947479567206,42.13167562259186,-13.527001189367713,0.0,44.249947479567204
107.9,4.185868156801691,42.04702486856715,-13.580818991222763,0.0,44.18586815680169
108.0,4.12214747707527,41.96265587100821,-13.634493398733968,0.0,44.12214747707527
108.10000000000001,4.058789370979609,41.8785724135911,-13.688027375628383,0.0,44.05878937097961
108.2,3.995797746741161,41.79477824393539,-13.741423904109062,0.0,43.99579774674116
108.30000000000001,3.9331764899799984,41.71127707332532,-13.794685984538287,0.0,43.93317648998
108.4,3.8709294634702296,41.62807257643467,-13.847816635118647,0.0,43.87092946347023
108.5,3.8090605069016625,41.54516839105453,-13.900818891572325,0.0,43.80906050690166
108.60000000000001,3.7475734366429436,41.46256811782467,-13.953695806818232,0.0,43.747573436642945
108.7,3.686472045506223,41.38027531996807,-14.006450450647298,0.0,43.68647204550622
108.80000000000001,3.625760102513096,41.29829352302889,-14.059085909395883,0.0,43.6257601025131
108.9,3.5654413526622077,41.216626214613804,-14.111605285617237,0.0,43.565441352662205
109.0,3.5055195166981648,41.135276844136726,-14.164011697751231,0.0,43.505519516698165
109.10000000000001,3.4459982908820552,41.05424882256694,-14.216308279792168,0.0,43.44599829088205
109.2,3.3868813467634795,40.97354552218077,-14.26849818095489,0.0,43.38688134676348
109.30000000000001,3.328172330953998,40.89317027631653,-14.320584565339136,0.0,43.328172330954
109.4,3.2698748649022624,40.8131263791332,-14.372570611592138,0.0,43.26987486490226
109.5,3.2119925446705846,40.73341708537237,-14.424459512569618,0.0,43.211992544670586
109.60000000000001,3.154528940713109,40.654045610123866,-14.476254474995029,0.0,43.15452894071311
109.7,3.0974875976556246,40.575015128594885,-14.527958719117299,0.0,43.09748759765562
109.80000000000001,3.04087203407685,40.496328775882645,-14.579575478366923,0.0,43.04087203407685
109.9,2.9846857422914397,40.41798964675068,-14.631107999010473,0.0,42.98468574229144
110.0,2.9289321881345254,40.34000079540867,-14.682559539803684,0.0,42.928932188134524
110.10000000000001,2.8736148107479442,40.26236523529598,-14.733933371642987,0.0,42.873614810747945
110.2,2.8187370223681096,40.18508593886876,-14.785232777215587,0.0,42.81873702236811
110.30000000000001,2.764302208115499,40.108165837390665,-14.836461050648177,0.0,42.764302208115495
110.4,2.710313725785883,40.03160782072743,-14.887621497154209,0.0,42.71031372578588
110.5,2.656774905643143,39.95541473714488,-14.938717432679848,0.0,42.65677490564315
110.60000000000001,2.6036890502139,39.8795893931108,-14.989752183548612,0.0,42.6036890502139
110.7,2.551059434083779,39.80413455310058,-15.040729086104653,0.0,42.55105943408378
110.80000000000001,2.4988893036953987,39.729052939406394,-15.09165148635495,0.0,42.4988893036954
110.9,2.4471818771481613,39.654347231950325,-15.142522739610092,0.0,42.44718187714816
111.0,2.3959403439996905,39.580020068101156,-15.19334621012404,0.0,42.39594034399969
111.10000000000001,2.3451678650691132,39.50607404249494,-15.24412527073265,0.0,42.345167865069115
111.2,2.294867572242106,39.43251170685946,-15.294863302491079,0.0,42.294867572242104
111.30000000000001,2.245042568277651,39.35933556984238,-15.345563694310213,0.0,42.245042568277654
111.4,2.195695926616702,39.286548096843276,-15.396229842591898,0.0,42.1956959266167
111.5,2.1468306911925494,39.214151709849524,-15.446865150863328,0.0,42.14683069119255
111.60000000000001,2.0984498762430936,39.14214878727599,-15.497473029410326,0.0,42.098449876243095
111.7,2.0505564661249,39.07054166380866,-15.548056894909744,0.0,42.0505564661249
111.80000000000001,2.0031534151290895,38.999332630252,-15.598620170060954,0.0,42.00315341512909
111.9,1.956243647299153,38.928523933380404,-15.649166283216486,0.0,41.956243647299154
112.0,1.9098300562505266,38.85811777579337,-15.699698668011813,0.0,41.90983005625053
112.10000000000001,1.8639155049921252,38.78811631577464,-15.750220762994331,0.0,41.86391550499213
112.2,1.818502825749767,38.71852166715536,-15.800736011251585,0.0,41.81850282574977
112.30000000000001,1.7735948197913987,38.64933589918096,-15.851247860038791,0.0,41.7735948197914
112.4,1.7291942572543784,38.58056103638225,-15.901759760405623,0.0,41.72919425725438
112.5,1.6853038769745499,38.51219905845018,-15.952275166822403,0.0,41.68530387697455
112.60000000000001,1.641926386317295,38.44425190011476,-16.002797536805602,0.0,41.641926386317294
112.7,1.5990644610105809,38.37672145102793,-16.053330330542806,0.0,41.59906446101058
112.80000000000001,1.5567207449798448,38.30960955565033,-16.103877010517145,0.0,41.55672074497984
112.9,1.5148978501849608,38.242918013142116,-16.154441041131133,0.0,41.51489785018496
113.0,1.4735983564590782,38.17664857725773,-16.205025888330145,0.0,41.47359835645908
113.10000000000001,1.4328248113495001,38.11080295624473,-16.25563501922537,0.0,41.4328248113495
113.2,1.3925797299605625,38.04538281274664,-16.30627190171636,0.0,41.39257972996056
113.30000000000001,1.3528655947984458,37.98038976370968,-16.356940004113298,0.0,41.352865594798445
113.4,1.3136848556180847,37.91582538029374,-16.407642794758807,0.0,41.313684855618085
113.5,1.2750399292720305,37.851691187787175,-16.45838374164958,0.0,41.27503992927203
113.60000000000001,1.236933199561362,37.78798866552579,-16.509166312057697,0.0,41.23693319956136
113.7,1.1993670170886783,37.724719246815795,-16.559993972151688,0.0,41.199367017088676
113.80000000000001,1.162343699113062,37.661884318860814,-16.610870186617518,0.0,41.16234369911306
113.9,1.1258655294071662,37.59948522269297,-16.661798418279268,0.0,41.125865529407164
114.0,1.0899347581163221,37.537523253107985,-16.712782127719876,0.0,41.08993475811632
114.10000000000001,1.0545536016197476,37.47599965860441,-16.763824772901643,0.0,41.054553601619745
114.2,1.0197242423938424,37.41491564132687,-16.814929808786797,0.0,41.01972424239384
114.30000000000001,0.9854488288775387,37.35427235701336,-16.866100686958053,0.0,40.98544882887754
114.4,0.9517294753398042,37.29407091494668,-16.917340855239132,0.0,40.9517294753398
114.5,0.9185682617491864,37.23431237790987,-16.968653757315437,0.0,40.918568261749186
114.60000000000001,0.8859672336455449,37.17499776214581,-17.020042832354783,0.0,40.885967233645545
114.7,0.8539284020138638,37.11612803732079,-17.07151151462824,0.0,40.853928402013864
114.80000000000001,0.8224537431601853,37.05770412649225,-17.12306323313128,0.0,40.82245374316018
114.9,0.7915451985897359,36.99972690608057,-17.174701411205003,0.0,40.79154519858974
115.0,0.7612046748871326,36.94219720584491,-17.22642946615767,0.0,40.76120467488713
115.10000000000001,0.7314340435987887,36.8851158088632,-17.278250808886547,0.0,40.73143404359879
115.2,0.7022351411174854,36.82848345151617,-17.330168843500008,0.0,40.702235141117484
115.30000000000001,0.6736097685690567,36.772300823475454,-17.38218696694011,0.0,40.67360976856906
115.4,0.6455596917013262,36.716568567695795,-17.434308568605434,0.0,40.64555969170133
115.5,0.6180866407751584,36.66128728041133,-17.486537029974464,0.0,40.61808664077516
115.60000000000001,0.5911923104577432,36.60645751113593,-17.538875724229403,0.0,40.59119231045774
115.7,0.564878359718064,36.552079762667724,-17.59132801588042,0.0,40.564878359718065
115.80000000000001,0.5391464117245437,36.49815449109748,-17.64389726039063,0.0,40.539146411724545
115.9,0.5139980537449529,36.44468210582131,-17.696586803801413,0.0,40.513998053744956
116.0,0.4894348370484647,36.39166296955724,-17.74939998235856,0.0,40.489434837048464
116.10000000000001,0.46545827680998575,36.33909739836601,-17.802340122138954,0.0,40.46545827680998
116.2,0.4420698520166988,36.286985661675814,-17.85541053867796,0.0,40.4420698520167
116.30000000000001,0.4192710053768067,36.23532798231115,-17.90861453659755,0.0,40.41927100537681
116.4,0.39706314323056713,36.18412453652576,-17.96195540923516,0.0,40.39706314323057
116.5,0.37544763546352833,36.133375454039545,-18.01543643827343,0.0,40.37544763546353
116.60000000000001,0.3544258154220181,36.08308081807957,-18.06906089337066,0.0,40.35442581542202
116.7,0.3339989798309273,36.03324066542514,-18.12283203179222,0.0,40.33399897983093
116.80000000000001,0.314168388713687,35.983854986456805,-18.176753098042823,0.0,40.31416838871369
116.9,0.29493526531457426,35.93492372520956,-18.230827323499703,0.0,40.29493526531457
117.0,0.27630079602323443,35.88644677942986,-18.285057926046893,0.0,40.276300796023236
117.10000000000001,0.25826613030150547,35.83842400063682,-18.33944810971039,0.0,40.25826613030151
117.2,0.24083238061252565,35.790855194187394,-18.39400106429437,0.0,40.240832380612524
117.30000000000001,0.22400062235209184,35.74374011934545,-18.448719965018597,0.0,40.224000622352094
117.4,0.2077718937823414,35.69707848935494,-18.503607972156832,0.0,40.20777189378234
117.5,0.1921471959676957,35.65086997151703,-18.55866823067643,0.0,40.19214719596769
117.60000000000001,0.1771274927131128,35.6051141872712,-18.613903869879184,0.0,40.17712749271311
117.7,0.16271371050464056,35.55981071228029,-18.66931800304321,0.0,40.16271371050464
117.80000000000001,0.1489067384522591,35.514959076519546,-18.724913727066383,0.0,40.14890673845226
117.9,0.13570742823504456,35.47055876436959,-18.78069412211075,0.0,40.135707428235044
118.0,0.1231165940486234,35.426609214713295,-18.83666225124852,0.0,40.123116594048625
118.10000000000001,0.11113501255495373,35.38310982103665,-18.892821160109253,0.0,40.11113501255495
118.2,0.09976342283442352,35.34005993153349,-18.94917387652852,0.0,40.09976342283442
118.30000000000001,0.08900252634025052,35.297458849214166,-19.00572341019798,0.0,40.08900252634025
118.4,0.07885298685522124,35.255305832018124,-19.06247275231686,0.0,40.078852986855225
118.5,0.06931543045073707,35.21360009293025,-19.119424875245073,0.0,40.069315430450736
118.60000000000001,0.060390445448202934,35.17234080010126,-19.176582732157733,0.0,40.060390445448206
118.7,0.05207858238273522,35.13152707697179,-19.23394925670127,0.0,40.052078582382734
118.80000000000001,0.04438035396919893,35.091158002400455,-19.291527362651212,0.0,40.044380353969196
118.9,0.037296235070587436,35.051232610795665,-19.349319943571448,0.0,40.037296235070585
119.0,0.03082666266872036,35.01174989225124,-19.407329872475366,0.0,40.03082666266872
119.10000000000001,0.024972035837298456,34.972708792685886,-19.465560001488512,0.0,40.0249720358373
119.2,0.01973271571728441,34.934108213986484,-19.52401316151303,0.0,40.01973271571728
119.30000000000001,0.015109025494620676,34.89594701415508,-19.58269216189395,0.0,40.015109025494624
119.4,0.011101250380299854,34.8582240074596,-19.641599790087145,0.0,40.0111012503803
119.5,0.00770963759277099,34.82093796458849,-19.700738811329217,0.0,40.00770963759277
119.60000000000001,0.004934396342684,34.78408761280889,-19.760111968309218,0.0,40.004934396342684
119.7,0.002775697819994427,34.74767163612865,-19.819721980842168,0.0,40.00277569781999
119.80000000000001,0.0012336751833941229,34.711688675461964,-19.879571545544724,0.0,40.00123367518339
119.9,0.00030842355210336514,34.67613732879873,-19.939663335512584,0.0,40.000308423552106
120.0,0.0,34.64101615137755,-19.999999999999993,0.0,40.0
120.10000000000001,0.0,34.606056822788176,-20.0604294863783,0.0,40.0
120.2,0.0,34.57099207814819,-20.120797865209404,0.0,40.0
120.30000000000001,0.0,34.535822024270864,-20.181104952600784,0.0,40.0
120.4,0.0,34.50054676829029,-20.24135056484656,0.0,40.0
120.5,0.0,34.46516641766103,-20.301534518428173,0.0,40.0
120.60000000000001,0.0,34.42968108015775,-20.361656630014853,0.0,40.0
120.7,0.0,34.394090863874936,-20.421716716464225,0.0,40.0
120.80000000000001,0.0,34.35839587722657,-20.48171459482287,0.0,40.0
120.9,0.0,34.32259622894578,-20.54165008232681,0.0,40.0
121.0,0.0,34.286692028084495,-20.60152299640217,0.0,40.0
121.10000000000001,0.0,34.25068338401313,-20.661333154665673,0.0,40.0
121.2,0.0,34.214570406420265,-20.7210803749252,0.0,40.0
121.30000000000001,0.0,34.17835320531229,-20.78076447518038,0.0,40.0
121.4,0.0,34.1420318910131,-20.840385273623056,0.0,40.0
121.5,0.0,34.105606574163694,-20.899942588637952,0.0,40.0
121.60000000000001,0.0,34.069077365721895,-20.95943623880317,0.0,40.0
121.7,0.0,34.03244437696205,-21.018866042890714,0.0,40.0
121.80000000000001,0.0,33.99570771947455,-21.078231819867103,0.0,40.0
121.9,0.0,33.958867505165664,-21.137533388893882,0.0,40.0
122.0,0.0,33.921923846257044,-21.19677056932819,0.0,40.0
122.10000000000001,0.0,33.88487685528548,-21.25594318072332,0.0,40.0
122.2,0.0,33.84772664510256,-21.315051042829204,0.0,40.0
122.30000000000001,0.0,33.81047332887424,-21.374093975593066,0.0,40.0
122.4,0.0,33.7731170200806,-21.433071799159876,0.0,40.0
122.5,0.0,33.73565783251542,-21.49198433387296,0.0,40.0
122.60000000000001,0.0,33.6980958802859,-21.550831400274525,0.0,40.0
122.7,0.0,33.66043127781224,-21.6096128191062,0.0,40.0
122.80000000000001,0.0,33.622664139827364,-21.668328411309602,0.0,40.0
122.9,0.0,33.58479458137652,-21.726977998026832,0.0,40.0
123.0,0.0,33.54682271781696,-21.785561400601082,0.0,40.0
123.10000000000001,0.0,33.50874866481755,-21.84407844057716,0.0,40.0
123.2,0.0,33.47057253835847,-21.902528939702005,0.0,40.0
123.30000000000001,0.0,33.43229445473081,-21.960912719925275,0.0,40.0
123.4,0.0,33.393914530536264,-22.019229603399822,0.0,40.0
123.5,0.0,33.35543288268673,-22.077479412482326,0.0,40.0
123.60000000000001,0.0,33.31684962840397,-22.135661969733775,0.0,40.0
123.7,0.0,33.2781648852193,-22.193777097919977,0.0,40.0
123.80000000000001,0.0,33.23937877097313,-22.251824620012194,0.0,40.0
123.9,0.0,33.2004914038147,-22.309804359187602,0.0,40.0
124.0,0.0,33.16150290220167,-22.367716138829866,0.0,40.0
124.10000000000001,0.0,33.12241338489977,-22.425559782529678,0.0,40.0
124.2,0.0,33.08322297098247,-22.48333511408523,0.0,40.0
124.30000000000001,0.0,33.04393177983056,-22.541041957502856,0.0,40.0
124.4,0.0,33.00453993113181,-22.598680136997515,0.0,40.0
124.5,0.0,32.96504754488063,-22.656249476993302,0.0,40.0
124.60000000000001,0.0,32.92545474137767,-22.713749802124052,0.0,40.0
124.7,0.0,32.8857616412295,-22.77118093723377,0.0,40.0
124.80000000000001,0.0,32.845968365348156,-22.828542707377277,0.0,40.0
124.9,0.0,32.80607503495088,-22.885834937820654,0.0,40.0
125.0,0.0,32.76608177155967,-22.943057454041845,0.0,40.0
125.10000000000001,0.0,32.725988697000936,-23.000210081731144,0.0,40.0
125.2,0.0,32.685795933405146,-23.057292646791726,0.0,40.0
125.30000000000001,0.0,32.6455036032064,-23.11430497534022,0.0,40.0
125.4,0.0,32.60511182914217,-23.171246893707156,0.0,40.0
125.5,0.0,32.56462073425277,-23.22811822843759,0.0,40.0
125.60000000000001,0.0,32.52403044188111,-23.28491880629157,0.0,40.0
125.7,0.0,32.48334107567226,-23.341648454244694,0.0,40.0
125.80000000000001,0.0,32.44255275957306,-23.39830699948862,0.0,40.0
125.9,0.0,32.40166561783184,-23.454894269431573,0.0,40.0
126.0,0.0,32.3606797749979,-23.51141009169892,0.0,40.0
126.10000000000001,0.0,32.319595355921216,-23.567854294133692,0.0,40.0
126.2,0.0,32.27841248575207,-23.62422670479702,0.0,40.0
126.30000000000001,0.0,32.23713128994063,-23.680527151968782,0.0,40.0
126.4,0.0,32.195751894236565,-23.736755464148054,0.0,40.0
126.5,0.0,32.154274424688694,-23.792911470053646,0.0,40.0
126.60000000000001,0.0,32.11269900764458,-23.848994998624637,0.0,40.0
126.7,0.0,32.071025769750165,-23.905005879020848,0.0,40.0
126.80000000000001,0.0,32.02925483794933,-23.960943940623448,0.0,40.0
126.9,0.0,31.987386339483614,-24.01680901303537,0.0,40.0
127.0,0.0,31.94542040189171,-24.072600926081936,0.0,40.0
127.10000000000001,0.0,31.90335715300914,-24.1283195098113,0.0,40.0
127.2,0.0,31.861196720967854,-24.183964594494995,0.0,40.0
127.30000000000001,0.0,31.818939234195827,-24.23953601062845,0.0,40.0
127.4,0.0,31.77658482141672,-24.29503358893147,0.0,40.0
127.5,0.0,31.734133611649405,-24.350457160348824,0.0,40.0
127.60000000000001,0.0,31.691585734207628,-24.405806556050706,0.0,40.0
127.7,0.0,31.648941318699606,-24.461081607433243,0.0,40.0
127.80000000000001,0.0,31.60620049502761,-24.516282146119064,0.0,40.0
127.9,0.0,31.563363393387625,-24.571408003957732,0.0,40.0
128.0,0.0,31.52043014426888,-24.62645901302633,0.0,40.0
128.1,0.0,31.477400878453494,-24.681435005629943,0.0,40.0
128.20000000000002,0.0,31.43427572701607,-24.736335814302173,0.0,40.0
128.3,0.0,31.391054821323316,-24.791161271805606,0.0,40.0
128.4,0.0,31.347738293033593,-24.84591121113241,0.0,40.0
128.5,0.0,31.30432627409656,-24.900585465504776,0.0,40.0
128.6,0.0,31.26081889675276,-24.95518386837544,0.0,40.0
128.70000000000002,0.0,31.217216293533188,-25.009706253428206,0.0,40.0
128.8,0.0,31.173518597258965,-25.06415245457842,0.0,40.0
128.9,0.0,31.129725941040842,-25.118522305973514,0.0,40.0
129.0,0.0,31.08583845827884,-25.17281564199349,0.0,40.0
129.1,0.0,31.041856282661847,-25.227032297251437,0.0,40.0
129.20000000000002,0.0,30.997779548167173,-25.28117210659405,0.0,40.0
129.3,0.0,30.953608389060243,-25.335234905102016,0.0,40.0
129.4,0.0,30.90934293989403,-25.38922052809071,0.0,40.0
129.5,0.0,30.864983335508796,-25.44312881111056,0.0,40.0
129.6,0.0,30.82052971103157,-25.49695958994759,0.0,40.0
129.70000000000002,0.0,30.77598220187579,-25.55071270062392,0.0,40.0
129.8,0.0,30.731340943740932,-25.604387979398226,0.0,40.0
129.9,0.0,30.68660607261198,-25.657985262766317,0.0,40.0
130.0,0.0,30.64177772475912,-25.711504387461574,0.0,40.0
130.1,0.0,30.596856036737275,-25.76494519045546,0.0,40.0
130.20000000000002,0.0,30.55184114538568,-25.81830750895803,0.0,40.0
130.3,0.0,30.50673318782753,-25.87159118041839,0.0,40.0
130.4,0.0,30.461532301469468,-25.924796042525237,0.0,40.0
130.5,0.0,30.41623862400124,-25.97792193320734,0.0,40.0
130.6,0.0,30.370852293395238,-26.030968690634033,0.0,40.0
130.70000000000002,0.0,30.325373447906085,-26.083936153215692,0.0,40.0
130.8,0.0,30.279802226070256,-26.13682415960422,0.0,40.0
130.9,0.0,30.234138766705584,-26.189632548693588,0.0,40.0
131.0,0.0,30.188383208910885,-26.242361159620287,0.0,40.0
131.1,0.0,30.142535692065522,-26.29500983176382,0.0,40.0
131.20000000000002,0.0,30.096596355828975,-26.347578404747225,0.0,40.0
131.3,0.0,30.050565340140434,-26.400066718437483,0.0,40.0
131.4,0.0,30.004442785218373,-26.452474612946084,0.0,40.0
131.5,0.0,29.958228831560085,-26.504801928629504,0.0,40.0
131.6,0.0,29.911923619941273,-26.557048506089664,0.0,40.0
131.70000000000002,0.0,29.865527291415646,-26.609214186174444,0.0,40.0
131.8,0.0,29.819039987314483,-26.66129880997811,0.0,40.0
131.9,0.0,29.772461849246156,-26.71330221884187,0.0,40.0
132.0,0.0,29.725793019095768,-26.76522425435433,0.0,40.0
132.1,0.0,29.679033639024656,-26.81706475835196,0.0,40.0
132.20000000000002,0.0,29.632183851469996,-26.868823572919617,0.0,40.0
132.3,0.0,29.585243799144383,-26.920500540390936,0.0,40.0
132.4,0.0,29.538213625035354,-26.972095503348935,0.0,40.0
132.5,0.0,29.491093472404962,-27.02360830462641,0.0,40.0
132.6,0.0,29.443883484789378,-27.075038787306426,0.0,40.0
132.70000000000002,0.0,29.396583805998393,-27.12638679472283,0.0,40.0
132.8,0.0,29.349194580115054,-27.177652170460664,0.0,40.0
132.9,0.0,29.30171595149515,-27.22883475835671,0.0,40.0
133.0,0.0,29.254148064766824,-27.279934402499933,0.0,40.0
133.1,0.0,29.2064910648301,-27.330950947231962,0.0,40.0
133.20000000000002,0.0,29.158745096856457,-27.38188423714755,0.0,40.0
133.3,0.0,29.11091030628842,-27.432734117095052,0.0,40.0
133.4,0.0,29.062986838839038,-27.483500432176914,0.0,40.0
133.5,0.0,29.014974840491515,-27.534183027750153,0.0,40.0
133.6,0.0,28.966874457498708,-27.58478174942678,0.0,40.0
133.70000000000002,0.0,28.918685836382714,-27.635296443074346,0.0,40.0
133.8,0.0,28.87040912393448,-27.685726954816282,0.0,40.0
133.9,0.0,28.82204446721321,-27.736073131032523,0.0,40.0
134.0,0.0,28.773592013546043,-27.786334818359894,0.0,40.0
134.1,0.0,28.725051910527554,-27.83651186369257,0.0,40.0
134.20000000000002,0.0,28.6764243060193,-27.886604114182592,0.0,40.0
134.3,0.0,28.62770934814943,-27.936611417240243,0.0,40.0
134.4,0.0,28.57890718531213,-27.986533620534622,0.0,40.0
134.5,0.0,28.530017966167264,-28.036370571994034,0.0,40.0
134.6,0.0,28.48104183963986,-28.086122119806497,0.0,40.0
134.70000000000002,0.0,28.43197895491969,-28.135788112420165,0.0,40.0
134.8,0.0,28.382829461460833,-28.185368398543787,0.0,40.0
134.9,0.0,28.333593508981153,-28.23486282714724,0.0,40.0
135.0,0.0,28.284271247461902,-28.2842712474619,0.0,40.0
135.1,0.0,28.234862827147246,-28.333593508981146,0.0,40.0
135.20000000000002,0.0,28.185368398543783,-28.38282946146084,0.0,40.0
135.3,0.0,28.135788112420155,-28.4319789549197,0.0,40.0
135.4,0.0,28.0861221198065,-28.481041839639857,0.0,40.0
135.5,0.0,28.03637057199404,-28.530017966167257,0.0,40.0
135.6,0.0,27.986533620534626,-28.578907185312126,0.0,40.0
135.70000000000002,0.0,27.936611417240233,-28.627709348149434,0.0,40.0
135.8,0.0,27.886604114182568,-28.67642430601932,0.0,40.0
135.9,0.0,27.836511863692564,-28.72505191052756,0.0,40.0
136.0,0.0,27.786334818359887,-28.773592013546047,0.0,40.0
136.1,0.0,27.73607313103252,-28.822044467213217,0.0,40.0
136.20000000000002,0.0,27.685726954816264,-28.8704091239345,0.0,40.0
136.3,0.0,27.635296443074328,-28.91868583638274,0.0,40.0
136.4,0.0,27.58478174942679,-28.966874457498704,0.0,40.0
136.5,0.0,27.534183027750156,-29.014974840491504,0.0,40.0
136.6,0.0,27.483500432176925,-29.062986838839034,0.0,40.0
136.70000000000002,0.0,27.43273411709504,-29.110910306288428,0.0,40.0
136.8,0.0,27.38188423714754,-29.158745096856467,0.0,40.0
136.9,0.0,27.330950947231965,-29.206491064830097,0.0,40.0
137.0,0.0,27.279934402499944,-29.254148064766817,0.0,40.0
137.1,0.0,27.22883475835672,-29.301715951495147,0.0,40.0
137.20000000000002,0.0,27.177652170460654,-29.34919458011506,0.0,40.0
137.3,0.0,27.12638679472282,-29.396583805998397,0.0,40.0
137.4,0.0,27.07503878730643,-29.443883484789374,0.0,40.0
137.5,0.0,27.023608304626414,-29.49109347240496,0.0,40.0
137.6,0.0,26.972095503348946,-29.538213625035343,0.0,40.0
137.70000000000002,0.0,26.920500540390933,-29.585243799144394,0.0,40.0
137.8,0.0,26.868823572919606,-29.63218385147,0.0,40.0
137.9,0.0,26.817064758351968,-29.679033639024652,0.0,40.0
138.0,0.0,26.765224254354333,-29.72579301909576,0.0,40.0
138.1,0.0,26.713302218841875,-29.772461849246152,0.0,40.0
138.20000000000002,0.0,26.661298809978085,-29.8190399873145,0.0,40.0
138.3,0.0,26.609214186174427,-29.865527291415663,0.0,40.0
138.4,0.0,26.557048506089657,-29.911923619941277,0.0,40.0
138.5,0.0,26.504801928629497,-29.95822883156009,0.0,40.0
138.6,0.0,26.452474612946073,-30.004442785218384,0.0,40.0
138.70000000000002,0.0,26.40006671843746,-30.050565340140455,0.0,40.0
138.8,0.0,26.347578404747214,-30.09659635582898,0.0,40.0
138.9,0.0,26.295009831763828,-30.14253569206552,0.0,40.0
139.0,0.0,26.24236115962029,-30.18838320891088,0.0,40.0
139.1,0.0,26.189632548693595,-30.23413876670558,0.0,40.0
139.20000000000002,0.0,26.13682415960421,-30.279802226070267,0.0,40.0
139.3,0.0,26.08393615321568,-30.325373447906088,0.0,40.0
139.4,0.0,26.030968690634037,-30.37085229339523,0.0,40.0
139.5,0.0,25.97792193320735,-30.416238624001238,0.0,40.0
139.6,0.0,25.92479604252524,-30.46153230146946,0.0,40.0
139.70000000000002,0.0,25.871591180418378,-30.506733187827535,0.0,40.0
139.8,0.0,25.81830750895802,-30.55184114538569,0.0,40.0
139.9,0.0,25.764945190455464,-30.59685603673727,0.0,40.0
140.0,0.0,25.71150438746158,-30.641777724759116,0.0,40.0
140.1,0.0,25.657985262766324,-30.686606072611976,0.0,40.0
140.20000000000002,0.0,25.604387979398204,-30.731340943740946,0.0,40.0
140.3,0.0,25.550712700623897,-30.775982201875813,0.0,40.0
140.4,0.0,25.49695958994758,-30.820529711031575,0.0,40.0
140.5,0.0,25.443128811110554,-30.864983335508803,0.0,40.0
140.6,0.0,25.389220528090704,-30.909342939894042,0.0,40.0
140.70000000000002,0.0,25.33523490510199,-30.953608389060257,0.0,40.0
140.8,0.0,25.281172106594028,-30.99777954816719,0.0,40.0
140.9,0.0,25.227032297251448,-31.04185628266184,0.0,40.0
141.0,0.0,25.172815641993495,-31.085838458278836,0.0,40.0
141.1,0.0,25.118522305973517,-31.12972594104084,0.0,40.0
141.20000000000002,0.0,25.064152454578412,-31.173518597258973,0.0,40.0
141.3,0.0,25.009706253428202,-31.21721629353319,0.0,40.0
141.4,0.0,24.955183868375443,-31.260818896752752,0.0,40.0
141.5,0.0,24.900585465504786,-31.304326274096557,0.0,40.0
141.6,0.0,24.84591121113242,-31.34773829303359,0.0,40.0
141.70000000000002,0.0,24.791161271805603,-31.391054821323323,0.0,40.0
141.8,0.0,24.736335814302166,-31.43427572701608,0.0,40.0
141.9,0.0,24.681435005629947,-31.47740087845349,0.0,40.0
142.0,0.0,24.626459013026334,-31.520430144268875,0.0,40.0
142.1,0.0,24.571408003957735,-31.56336339338762,0.0,40.0
142.20000000000002,0.0,24.516282146119053,-31.606200495027615,0.0,40.0
142.3,0.0,24.461081607433247,-31.648941318699602,0.0,40.0
142.4,0.0,24.40580655605071,-31.691585734207624,0.0,40.0
142.5,0.0,24.350457160348835,-31.7341336116494,0.0,40.0
142.6,0.0,24.29503358893148,-31.776584821416716,0.0,40.0
142.70000000000002,0.0,24.239536010628427,-31.818939234195845,0.0,40.0
142.8,0.0,24.183964594494984,-31.86119672096786,0.0,40.0
142.9,0.0,24.12831950981129,-31.903357153009146,0.0,40.0
143.0,0.0,24.072600926081925,-31.945420401891717,0.0,40.0
143.1,0.0,24.01680901303536,-31.987386339483624,0.0,40.0
143.20000000000002,0.0,23.960943940623423,-32.029254837949345,0.0,40.0
143.3,0.0,23.905005879020838,-32.071025769750165,0.0,40.0
143.4,0.0,23.84899499862463,-32.11269900764458,0.0,40.0
143.5,0.0,23.79291147005365,-32.154274424688694,0.0,40.0
143.6,0.0,23.736755464148057,-32.195751894236565,0.0,40.0
143.70000000000002,0.0,23.680527151968775,-32.237131289940635,0.0,40.0
143.8,0.0,23.62422670479701,-32.278412485752085,0.0,40.0
143.9,0.0,23.56785429413368,-32.31959535592122,0.0,40.0
144.0,0.0,23.51141009169893,-32.36067977499789,0.0,40.0
144.1,0.0,23.454894269431577,-32.40166561783183,0.0,40.0
144.20000000000002,0.0,23.39830699948861,-32.44255275957307,0.0,40.0
144.3,0.0,23.341648454244698,-32.48334107567225,0.0,40.0
144.4,0.0,23.284918806291582,-32.5240304418811,0.0,40.0
144.5,0.0,23.228118228437594,-32.56462073425276,0.0,40.0
144.6,0.0,23.171246893707163,-32.60511182914216,0.0,40.0
144.70000000000002,0.0,23.114304975340197,-32.64550360320642,0.0,40.0
144.8,0.0,23.05729264679172,-32.685795933405146,0.0,40.0
144.9,0.0,23.000210081731133,-32.72598869700094,0.0,40.0
145.0,0.0,22.94305745404184,-32.766081771559676,0.0,40.0
145.1,0.0,22.885834937820647,-32.80607503495089,0.0,40.0
145.20000000000002,0.0,22.828542707377256,-32.84596836534817,0.0,40.0
145.3,0.0,22.77118093723376,-32.8857616412295,0.0,40.0
145.4,0.0,22.713749802124042,-32.92545474137768,0.0,40.0
145.5,0.0,22.656249476993313,-32.965047544880626,0.0,40.0
145.6,0.0,22.59868013699752,-33.0045399311318,0.0,40.0
145.70000000000002,0.0,22.54104195750285,-33.04393177983056,0.0,40.0
145.8,0.0,22.483335114085218,-33.083222970982476,0.0,40.0
145.9,0.0,22.425559782529668,-33.12241338489977,0.0,40.0
146.0,0.0,22.367716138829877,-33.16150290220166,0.0,40.0
146.1,0.0,22.309804359187613,-33.200491403814695,0.0,40.0
146.20000000000002,0.0,22.251824620012183,-33.23937877097313,0.0,40.0
146.3,0.0,22.19377709791997,-33.278164885219304,0.0,40.0
146.4,0.0,22.135661969733764,-33.31684962840398,0.0,40.0
146.5,0.0,22.07747941248233,-33.35543288268673,0.0,40.0
146.6,0.0,22.019229603399832,-33.39391453053626,0.0,40.0
146.70000000000002,0.0,21.96091271992527,-33.43229445473081,0.0,40.0
146.8,0.0,21.90252893970201,-33.47057253835847,0.0,40.0
146.9,0.0,21.844078440577167,-33.508748664817546,0.0,40.0
147.0,0.0,21.785561400601093,-33.54682271781696,0.0,40.0
147.1,0.0,21.72697799802684,-33.58479458137652,0.0,40.0
147.20000000000002,0.0,21.66832841130958,-33.62266413982738,0.0,40.0
147.3,0.0,21.609612819106193,-33.66043127781225,0.0,40.0
147.4,0.0,21.550831400274518,-33.698095880285905,0.0,40.0
147.5,0.0,21.49198433387295,-33.73565783251543,0.0,40.0
147.6,0.0,21.433071799159865,-33.773117020080605,0.0,40.0
147.70000000000002,0.0,21.374093975593045,-33.81047332887425,0.0,40.0
147.8,0.0,21.315051042829193,-33.84772664510257,0.0,40.0
147.9,0.0,21.25594318072331,-33.88487685528548,0.0,40.0
148.0,0.0,21.196770569328194,-33.92192384625704,0.0,40.0
148.1,0.0,21.13753338889389,-33.95886750516566,0.0,40.0
148.20000000000002,0.0,21.078231819867096,-33.99570771947457,0.0,40.0
148.3,0.0,21.018866042890707,-34.03244437696205,0.0,40.0
148.4,0.0,20.959436238803164,-34.06907736572191,0.0,40.0
148.5,0.0,20.899942588637956,-34.10560657416369,0.0,40.0
148.6,0.0,20.840385273623063,-34.14203189101309,0.0,40.0
148.70000000000002,0.0,20.78076447518037,-34.1783532053123,0.0,40.0
148.8,0.0,20.721080374925208,-34.214570406420265,0.0,40.0
148.9,0.0,20.661333154665677,-34.25068338401313,0.0,40.0
149.0,0.0,20.601522996402174,-34.28669202808449,0.0,40.0
149.1,0.0,20.541650082326814,-34.32259622894578,0.0,40.0
149.20000000000002,0.0,20.481714594822847,-34.358395877226585,0.0,40.0
149.3,0.0,20.421716716464218,-34.39409086387494,0.0,40.0
149.4,0.0,20.361656630014842,-34.42968108015775,0.0,40.0
149.5,0.0,20.301534518428163,-34.46516641766103,0.0,40.0
149.6,0.0,20.24135056484655,-34.5005467682903,0.0,40.0
149.70000000000002,0.0,20.181104952600755,-34.53582202427087,0.0,40.0
149.8,0.0,20.120797865209394,-34.570992078148194,0.0,40.0
149.9,0.0,20.06042948637829,-34.60605682278818,0.0,40.0
150.0,0.0,19.999999999999996,-34.64101615137755,0.0,40.0
150.1,0.0,19.939509590153214,-34.67586995742411,0.0,40.0
150.20000000000002,0.0,19.878958441102203,-34.71061813475714,0.0,40.0
150.3,0.0,19.818346737296295,-34.74526057752765,0.0,40.0
150.4,0.0,19.757674663369237,-34.77979718020876,0.0,40.0
150.5,0.0,19.696942404138685,-34.814227837595986,0.0,40.0
150.6,0.0,19.63615014460564,-34.848552444807574,0.0,40.0
150.70000000000002,0.0,19.575298069953845,-34.88277089728483,0.0,40.0
150.8,0.0,19.514386365549306,-34.91688309079239,0.0,40.0
150.9,0.0,19.45341521693962,-34.95088892141861,0.0,40.0
151.0,0.0,19.392384809853485,-34.98478828557583,0.0,40.0
151.1,0.0,19.331295330200106,-35.01858108000071,0.0,40.0
151.20000000000002,0.0,19.27014696406861,-35.052267201754546,0.0,40.0
151.3,0.0,19.208939897727557,-35.08584654822355,0.0,40.0
151.4,0.0,19.147674317624276,-35.119319017119224,0.0,40.0
151.5,0.0,19.086350410384345,-35.15268450647861,0.0,40.0
151.6,0.0,19.02496836281102,-35.18594291466465,0.0,40.0
151.70000000000002,0.0,18.963528361884634,-35.21909414036649,0.0,40.0
151.8,0.0,18.90203059476215,-35.25213808259969,0.0,40.0
151.9,0.0,18.840475248776393,-35.28507464070672,0.0,40.0
152.0,0.0,18.778862511435626,-35.31790371435708,0.0,40.0
152.1,0.0,18.717192570422934,-35.350625203547736,0.0,40.0
152.20000000000002,0.0,18.655465613595638,-35.38323900860336,0.0,40.0
152.3,0.0,18.593681828984778,-35.41574503017664,0.0,40.0
152.4,0.0,18.531841404794463,-35.44814316924859,0.0,40.0
152.5,0.0,18.469944529401356,-35.48043332712887,0.0,40.0
152.6,0.0,18.40799139135407,-35.512615405456046,0.0,40.0
152.70000000000002,0.0,18.34598217937259,-35.54468930619796,0.0,40.0
152.8,0.0,18.283917082347763,-35.5766549316519,0.0,40.0
152.9,0.0,18.22179628934062,-35.60851218444506,0.0,40.0
153.0,0.0,18.159619989581874,-35.640260967534715,0.0,40.0
153.1,0.0,18.09738837247132,-35.67190118420856,0.0,40.0
153.20000000000002,0.0,18.035101627577227,-35.70343273808503,0.0,40.0
153.3,0.0,17.972759944635865,-35.7348555331135,0.0,40.0
153.4,0.0,17.91036351355079,-35.76616947357473,0.0,40.0
153.5,0.0,17.84791252439236,-35.797374464081,0.0,40.0
153.60000000000002,0.0,17.785407167397093,-35.82847040957652,0.0,40.0
153.70000000000002,0.0,17.72284763296717,-35.85945721533763,0.0,40.0
153.8,0.0,17.660234111669794,-35.89033478697314,0.0,40.0
153.9,0.0,17.597566794236595,-35.92110303042463,0.0,40.0
154.0,0.0,17.534845871563093,-35.95176185196668,0.0,40.0
154.10000000000002,0.0,17.47207153470807,-35.982311158207224,0.0,40.0
154.20000000000002,0.0,17.409243974893087,-36.01275085608775,0.0,40.0
154.3,0.0,17.346363383501764,-36.04308085288367,0.0,40.0
154.4,0.0,17.283429952079285,-36.07330105620455,0.0,40.0
154.5,0.0,17.220443872331803,-36.103411373994426,0.0,40.0
154.60000000000002,0.0,17.157405336125823,-36.13341171453204,0.0,40.0
154.70000000000002,0.0,17.094314535487687,-36.16330198643114,0.0,40.0
154.8,0.0,17.0311716626029,-36.19308209864079,0.0,40.0
154.9,0.0,16.967976909815604,-36.222751960445585,0.0,40.0
155.0,0.0,16.904730469627978,-36.252311481465995,0.0,40.0
155.10000000000002,0.0,16.841432534699628,-36.2817605716586,0.0,40.0
155.20000000000002,0.0,16.778083297847076,-36.31109914131635,0.0,40.0
155.3,0.0,16.714682952043066,-36.34032710106887,0.0,40.0
155.4,0.0,16.651231690416047,-36.36944436188274,0.0,40.0
155.5,0.0,16.58772970624957,-36.39845083506172,0.0,40.0
155.60000000000002,0.0,16.524177192981664,-36.427346432247084,0.0,40.0
155.70000000000002,0.0,16.46057434420435,-36.456131065417814,0.0,40.0
155.8,0.0,16.39692135366291,-36.48480464689092,0.0,40.0
155.9,0.0,16.333218415255402,-36.51336708932171,0.0,40.0
156.0,0.0,16.269465723032017,-36.54181830570403,0.0,40.0
156.10000000000002,0.0,16.205663471194484,-36.570158209370554,0.0,40.0
156.20000000000002,0.0,16.141811854095586,-36.598386713993,0.0,40.0
156.3,0.0,16.077911066238396,-36.62650373358245,0.0,40.0
156.4,0.0,16.01396130227579,-36.65450918248958,0.0,40.0
156.5,0.0,15.949962757009846,-36.68240297540496,0.0,40.0
156.60000000000002,0.0,15.88591562539121,-36.71018502735925,0.0,40.0
156.70000000000002,0.0,15.821820102518586,-36.737855253723495,0.0,40.0
156.8,0.0,15.757676383638037,-36.76541357020938,0.0,40.0
156.9,0.0,15.693484664142456,-36.79285989286951,0.0,40.0
157.0,0.0,15.629245139570951,-36.82019413809761,0.0,40.0
157.10000000000002,0.0,15.564958005608238,-36.84741622262885,0.0,40.0
157.20000000000002,0.0,15.50062345808411,-36.874526063540024,0.0,40.0
157.3,0.0,15.436241692972741,-36.90152357824986,0.0,40.0
157.4,0.0,15.371812906392151,-36.92840868451923,0.0,40.0
157.5,0.0,15.307337294603595,-36.95518130045147,0.0,40.0
157.60000000000002,0.0,15.242815054010956,-36.98184134449253,0.0,40.0
157.70000000000002,0.0,15.178246381160198,-37.00838873543128,0.0,40.0
157.8,0.0,15.113631472738685,-37.03482339239979,0.0,40.0
157.9,0.0,15.048970525574628,-37.06114523487349,0.0,40.0
158.0,0.0,14.984263736636489,-37.08735418267149,0.0,40.0
158.10000000000002,0.0,14.919511303032351,-37.1134501559568,0.0,40.0
158.20000000000002,0.0,14.854713422009375,-37.13943307523655,0.0,40.0
158.3,0.0,14.78987029095316,-37.16530286136225,0.0,40.0
158.4,0.0,14.72498210738711,-37.19105943553006,0.0,40.0
158.5,0.0,14.660049068971885,-37.21670271928098,0.0,40.0
158.60000000000002,0.0,14.59507137350477,-37.24223263450114,0.0,40.0
158.70000000000002,0.0,14.530049218919121,-37.26764910342197,0.0,40.0
158.8,0.0,14.464982803283684,-37.29295204862049,0.0,40.0
158.9,0.0,14.399872324802043,-37.318141393019566,0.0,40.0
159.0,0.0,14.334717981812009,-37.34321705988807,0.0,40.0
159.10000000000002,0.0,14.269519972784995,-37.368178972841186,0.0,40.0
159.20000000000002,0.0,14.204278496325474,-37.393027055840584,0.0,40.0
159.3,0.0,14.138993751170279,-37.417761233194696,0.0,40.0
159.4,0.0,14.073665936188071,-37.44238142955893,0.0,40.0
159.5,0.0,14.008295250378701,-37.466887569935906,0.0,40.0
159.60000000000002,0.0,13.942881892872599,-37.49127957967566,0.0,40.0
159.70000000000002,0.0,13.87742606293023,-37.51555738447591,0.0,40.0
159.8,0.0,13.811927959941384,-37.539720910382236,0.0,40.0
159.9,0.0,13.746387783424645,-37.56377008378836,0.0,40.0
160.0,0.0,13.680805733026755,-37.587704831436334,0.0,40.0
160.10000000000002,0.0,13.615182008521998,-37.61152508041676,0.0,40.0
160.20000000000002,0.0,13.549516809811653,-37.635230758169016,0.0,40.0
160.3,0.0,13.483810336923286,-37.65882179248152,0.0,40.0
160.4,0.0,13.418062790010206,-37.68229811149187,0.0,40.0
160.5,0.0,13.352274369350848,-37.705659643687135,0.0,40.0
160.60000000000002,0.0,13.286445275348113,-37.72890631790405,0.0,40.0
160.70000000000002,0.0,13.220575708528905,-37.75203806332918,0.0,40.0
160.8,0.0,13.154665869543319,-37.775054809499245,0.0,40.0
160.9,0.0,13.08871595916415,-37.79795648630124,0.0,40.0
161.0,0.0,13.022726178286263,-37.820743023972675,0.0,40.0
161.10000000000002,0.0,12.95669672792596,-37.843414353101814,0.0,40.0
161.20000000000002,0.0,12.890627809220431,-37.86597040462786,0.0,40.0
161.3,0.0,12.824519623427042,-37.88841110984115,0.0,40.0
161.4,0.0,12.758372371922794,-37.91073640038343,0.0,40.0
161.5,0.0,12.692186256203685,-37.93294620824797,0.0,40.0
161.60000000000002,0.0,12.625961477884086,-37.95504046577987,0.0,40.0
161.70000000000002,0.0,12.559698238696189,-37.977019105676156,0.0,40.0
161.8,0.0,12.493396740489297,-37.998882060986105,0.0,40.0
161.9,0.0,12.427057185229271,-38.020629265111346,0.0,40.0
162.0,0.0,12.3606797749979,-38.04226065180614,0.0,40.0
162.10000000000002,0.0,12.294264711992273,-38.06377615517753,0.0,40.0
162.20000000000002,0.0,12.227812198524221,-38.08517570968555,0.0,40.0
162.3,0.0,12.16132243701961,-38.10645925014345,0.0,40.0
162.4,0.0,12.094795630017785,-38.12762671171788,0.0,40.0
162.5,0.0,12.028231980170933,-38.14867802992907,0.0,40.0
162.60000000000002,0.0,11.961631690243443,-38.16961314065108,0.0,40.0
162.70000000000002,0.0,11.89499496311142,-38.1904319801119,0.0,40.0
162.8,0.0,11.828322001761855,-38.21113448489375,0.0,40.0
162.9,0.0,11.761613009292148,-38.23172059193321,0.0,40.0
163.0,0.0,11.694868188909464,-38.25219023852142,0.0,40.0
163.10000000000002,0.0,11.628087743930081,-38.272543362304305,0.0,40.0
163.20000000000002,0.0,11.56127187777885,-38.29277990128269,0.0,40.0
163.3,0.0,11.494420793988471,-38.3128997938126,0.0,40.0
163.4,0.0,11.427534696198938,-38.33290297860533,0.0,40.0
163.5,0.0,11.360613788156904,-38.35278939472772,0.0,40.0
163.60000000000002,0.0,11.293658273715044,-38.3725589816023,0.0,40.0
163.70000000000002,0.0,11.226668356831501,-38.392211679007474,0.0,40.0
163.8,0.0,11.159644241569165,-38.41174742707772,0.0,40.0
163.9,0.0,11.09258613209511,-38.43116616630377,0.0,40.0
164.0,0.0,11.025494232679968,-38.450467837532756,0.0,40.0
164.10000000000002,0.0,10.958368747697289,-38.46965238196846,0.0,40.0
164.20000000000002,0.0,10.891209881622967,-38.488719741171415,0.0,40.0
164.3,0.0,10.824017839034543,-38.507669857059156,0.0,40.0
164.4,0.0,10.756792824610631,-38.52650267190632,0.0,40.0
164.5,0.0,10.689535043130281,-38.54521812834492,0.0,40.0
164.60000000000002,0.0,10.622244699472345,-38.56381616936441,0.0,40.0
164.70000000000002,0.0,10.554921998614912,-38.582296738311925,0.0,40.0
164.8,0.0,10.487567145634591,-38.60065977889246,0.0,40.0
164.9,0.0,10.42018034570594,-38.618905235168995,0.0,40.0
165.0,0.0,10.35276180410084,-38.637033051562724,0.0,40.0
165.10000000000002,0.0,10.285311726187828,-38.65504317285318,0.0,40.0
165.20000000000002,0.0,10.217830317431606,-38.67293554417838,0.0,40.0
165.3,0.0,10.150317783392213,-38.690710111035074,0.0,40.0
165.4,0.0,10.082774329724538,-38.70836681927885,0.0,40.0
165.5,0.0,10.015200162177653,-38.72590561512431,0.0,40.0
165.60000000000002,0.0,9.947595486594174,-38.74332644514525,0.0,40.0
165.70000000000002,0.0,9.879960508909704,-38.76062925627478,0.0,40.0
165.8,0.0,9.812295435152095,-38.77781399580556,0.0,40.0
165.9,0.0,9.744600471440897,-38.79488061138987,0.0,40.0
166.0,0.0,9.676875823986709,-38.81182905103986,0.0,40.0
166.10000000000002,0.0,9.609121699090537,-38.82865926312763,0.0,40.0
166.20000000000002,0.0,9.541338303143228,-38.84537119638544,0.0,40.0
166.3,0.0,9.473525842624744,-38.86196479990585,0.0,40.0
166.4,0.0,9.405684524103602,-38.87844002314185,0.0,40.0
166.5,0.0,9.337814554236221,-38.894796815907064,0.0,40.0
166.60000000000002,0.0,9.269916139766284,-38.911035128375865,0.0,40.0
166.70000000000002,0.0,9.201989487524173,-38.927154911083534,0.0,40.0
166.8,0.0,9.13403480442623,-38.94315611492641,0.0,40.0
166.9,0.0,9.066052297474206,-38.959038691162064,0.0,40.0
167.0,0.0,8.998042173754609,-38.97480259140941,0.0,40.0
167.10000000000002,0.0,8.930004640438034,-38.990447767648874,0.0,40.0
167.20000000000002,0.0,8.861939904778675,-39.00597417222254,0.0,40.0
167.3,0.0,8.793848174113489,-39.02138175783427,0.0,40.0
167.4,0.0,8.725729655861693,-39.0366704775499,0.0,40.0
167.5,0.0,8.65758455752411,-39.051840284797336,0.0,40.0
167.60000000000002,0.0,8.589413086682509,-39.066891133366724,0.0,40.0
167.70000000000002,0.0,8.52121545099905,-39.08182297741055,0.0,40.0
167.8,0.0,8.452991858215537,-39.09663577144384,0.0,40.0
167.9,0.0,8.384742516152867,-39.11132947034425,0.0,40.0
168.0,0.0,8.316467632710372,-39.12590402935223,0.0,40.0
168.10000000000002,0.0,8.24816741586517,-39.14035940407114,0.0,40.0
168.20000000000002,0.0,8.179842073671605,-39.1546955504674,0.0,40.0
168.3,0.0,8.111491814260493,-39.16891242487063,0.0,40.0
168.4,0.0,8.043116845838584,-39.18300998397376,0.0,40.0
168.5,0.0,7.97471737668789,-39.19698818483318,0.0,40.0
168.60000000000002,0.0,7.906293615165035,-39.21084698486887,0.0,40.0
168.70000000000002,0.0,7.837845769700701,-39.22458634186452,0.0,40.0
168.8,0.0,7.769374048798877,-39.23820621396766,0.0,40.0
168.9,0.0,7.7008786610363,-39.25170655968981,0.0,40.0
169.0,0.0,7.632359815061799,-39.26508733790656,0.0,40.0
169.10000000000002,0.0,7.563817719595645,-39.27834850785774,0.0,40.0
169.20000000000002,0.0,7.495252583428983,-39.291490029147546,0.0,40.0
169.3,0.0,7.42666461542309,-39.30451186174461,0.0,40.0
169.4,0.0,7.358054024508812,-39.31741396598217,0.0,40.0
169.5,0.0,7.289421019685909,-39.33019630255818,0.0,40.0
169.60000000000002,0.0,7.220765810022379,-39.34285883253544,0.0,40.0
169.70000000000002,0.0,7.152088604653969,-39.35540151734167,0.0,40.0
169.8,0.0,7.08338961278332,-39.36782431876968,0.0,40.0
169.9,0.0,7.0146690436794765,-39.38012719897747,0.0,40.0
170.0,0.0,6.945927106677211,-39.39231012048832,0.0,40.0
170.10000000000002,0.0,6.877164011176365,-39.40437304619096,0.0,40.0
170.20000000000002,0.0,6.80837996664129,-39.41631593933961,0.0,40.0
170.3,0.0,6.739575182600096,-39.428138763554145,0.0,40.0
170.4,0.0,6.670749868644087,-39.4398414828202,0.0,40.0
170.5,0.0,6.601904234427106,-39.451424061489256,0.0,40.0
170.60000000000002,0.0,6.533038489664877,-39.46288646427878,0.0,40.0
170.70000000000002,0.0,6.464152844134437,-39.474228656272295,0.0,40.0
170.8,0.0,6.395247507673391,-39.485450602919514,0.0,40.0
170.9,0.0,6.326322690179342,-39.49655227003645,0.0,40.0
171.0,0.0,6.257378601609239,-39.50753362380551,0.0,40.0
171.10000000000002,0.0,6.188415451978715,-39.51839463077556,0.0,40.0
171.20000000000002,0.0,6.119433451361518,-39.52913525786211,0.0,40.0
171.3,0.0,6.050432809888768,-39.539755472347345,0.0,40.0
171.4,0.0,5.981413737748386,-39.55025524188023,0.0,40.0
171.5,0.0,5.912376445184433,-39.56063453447668,0.0,40.0
171.60000000000002,0.0,5.843321142496443,-39.57089331851954,0.0,40.0
171.70000000000002,0.0,5.774248040038911,-39.58103156275878,0.0,40.0
171.8,0.0,5.705157348220452,-39.59104923631156,0.0,40.0
171.9,0.0,5.636049277503297,-39.60094630866231,0.0,40.0
172.0,0.0,5.566924038402613,-39.61072274966281,0.0,40.0
172.10000000000002,0.0,5.497781841485848,-39.62037852953236,0.0,40.0
172.20000000000002,0.0,5.428622897372161,-39.62991361885775,0.0,40.0
172.3,0.0,5.359447416731672,-39.63932798859345,0.0,40.0
172.4,0.0,5.290255610284892,-39.648621610061674,0.0,40.0
172.5,0.0,5.221047688802063,-39.657794454952416,0.0,40.0
172.60000000000002,0.0,5.151823863102497,-39.66684649532362,0.0,40.0
172.70000000000002,0.0,5.082584344054009,-39.675777703601184,0.0,40.0
172.8,0.0,5.013329342572163,-39.684588052579116,0.0,40.0
172.9,0.0,4.944059069619707,-39.693277515419545,0.0,40.0
173.0,0.0,4.874773736205902,-39.70184606565288,0.0,40.0
173.10000000000002,0.0,4.805473553385873,-39.71029367717782,0.0,40.0
173.20000000000002,0.0,4.736158732260031,-39.71862032426148,0.0,40.0
173.3,0.0,4.666829483973325,-39.72682598153944,0.0,40.0
173.4,0.0,4.597486019714666,-39.73491062401586,0.0,40.0
173.5,0.0,4.528128550716276,-39.742874227063496,0.0,40.0
173.60000000000002,0.0,4.458757288253013,-39.75071676642386,0.0,40.0
173.70000000000002,0.0,4.3893724436418085,-39.75843821820719,0.0,40.0
173.8,0.0,4.319974228240916,-39.76603855889262,0.0,40.0
173.9,0.0,4.250562853449335,-39.77351776532819,0.0,40.0
174.0,0.0,4.181138530706149,-39.78087581473093,0.0,40.0
174.10000000000002,0.0,4.111701471489852,-39.78811268468697,0.0,40.0
174.20000000000002,0.0,4.042251887317837,-39.79522835315153,0.0,40.0
174.3,0.0,3.9727899897455488,-39.80222279844905,0.0,40.0
174.4,0.0,3.9033159903659715,-39.80909599927325,0.0,40.0
174.5,0.0,3.8338301008089566,-39.815847934687156,0.0,40.0
174.60000000000002,0.0,3.764332532740556,-39.8224785841232,0.0,40.0
174.70000000000002,0.0,3.6948234978624512,-39.82898792738328,0.0,40.0
174.8,0.0,3.625303207911198,-39.83537594463881,0.0,40.0
174.9,0.0,3.5557718746576574,-39.84164261643078,0.0,40.0
175.0,0.0,3.4862297099063277,-39.84778792366982,0.0,40.0
175.10000000000002,0.0,3.416676925494686,-39.85381184763626,0.0,40.0
175.20000000000002,0.0,3.3471137332926117,-39.859714369980175,0.0,40.0
175.3,0.0,3.277540345201633,-39.86549547272146,0.0,40.0
175.4,0.0,3.2079569731543573,-39.87115513824988,0.0,40.0
175.5,0.0,3.1383638291138025,-39.876693349325116,0.0,40.0
175.60000000000002,0.0,3.068761125072737,-39.88211008907681,0.0,40.0
175.70000000000002,0.0,2.999149073053104,-39.88740534100463,0.0,40.0
175.8,0.0,2.9295278851052675,-39.89257908897832,0.0,40.0
175.9,0.0,2.859897773307441,-39.89763131723776,0.0,40.0
176.0,0.0,2.790258949765021,-39.90256201039297,0.0,40.0
176.10000000000002,0.0,2.7206116266099043,-39.90737115342421,0.0,40.0
176.20000000000002,0.0,2.650956015999988,-39.912058731682,0.0,40.0
176.3,0.0,2.581292330118305,-39.91662473088716,0.0,40.0
176.4,0.0,2.5116207811725255,-39.921069137130864,0.0,40.0
176.5,0.0,2.44194158139427,-39.92539193687468,0.0,40.0
176.60000000000002,0.0,2.3722549430384463,-39.92959311695061,0.0,40.0
176.70000000000002,0.0,2.302561078382677,-39.93367266456113,0.0,40.0
176.8,0.0,2.2328601997265425,-39.93763056727924,0.0,40.0
176.9,0.0,2.163152519391006,-39.94146681304847,0.0,40.0
177.0,0.0,2.093438249717752,-39.94518139018295,0.0,40.0
177.10000000000002,0.0,2.0237176030685182,-39.94877428736745,0.0,40.0
177.20000000000002,0.0,1.9539907918245203,-39.952245493657365,0.0,40.0
177.3,0.0,1.8842580283857004,-39.9555949984788,0.0,40.0
177.4,0.0,1.8145195251701498,-39.95882279162859,0.0,40.0
177.5,0.0,1.7447754946134428,-39.96192886327431,0.0,40.0
177.60000000000002,0.0,1.6750261491679748,-39.96491320395434,0.0,40.0
177.70000000000002,0.0,1.6052717013023832,-39.96777580457784,0.0,40.0
177.8,0.0,1.5355123635007955,-39.97051665642485,0.0,40.0
177.9,0.0,1.4657483482622535,-39.97313575114625,0.0,40.0
178.0,0.0,1.3959798681000457,-39.97563308076383,0.0,40.0
178.10000000000002,0.0,1.3262071355410445,-39.978008637670285,0.0,40.0
178.20000000000002,0.0,1.2564303631251295,-39.980262414629266,0.0,40.0
178.3,0.0,1.1866497634044324,-39.98239440477536,0.0,40.0
178.4,0.0,1.1168655489427617,-39.98440460161417,0.0,40.0
178.5,0.0,1.0470779323149368,-39.98629299902229,0.0,40.0
178.60000000000002,0.0,0.9772871261061057,-39.98805959124732,0.0,40.0
178.70000000000002,0.0,0.9074933429112382,-39.98970437290793,0.0,40.0
178.8,0.0,0.8376967953342667,-39.99122733899382,0.0,40.0
178.9,0.0,0.7678976959875793,-39.99262848486577,0.0,40.0
179.0,0.0,0.6980962574913375,-39.99390780625565,0.0,40.0
179.10000000000002,0.0,0.6282926924728106,-39.99506529926642,0.0,40.0
179.20000000000002,0.0,0.5584872135657988,-39.99610096037217,0.0,40.0
179.3,0.0,0.488680033409879,-39.99701478641808,0.0,40.0
179.4,0.0,0.4188713646498283,-39.997806774620486,0.0,40.0
179.5,0.0,0.3490614199349584,-39.99847692256685,0.0,40.0
179.60000000000002,0.0,0.2792504119184496,-39.99902522821579,0.0,40.0
179.70000000000002,0.0,0.20943855325677507,-39.99945168989707,0.0,40.0
179.8,0.0,0.1396260566089455,-39.99975630631162,0.0,40.0
179.9,0.0,0.0698131346359329,-39.999939076531504,0.0,40.0
180.0,0.0,4.898587196589413e-15,-40.0,0.0,40.0
180.10000000000002,0.0,-0.06981313463594087,-39.999939076531504,0.0,40.0
180.20000000000002,0.0,-0.13962605660895347,-39.99975630631162,0.0,40.0
180.3,0.0,-0.20943855325678304,-39.99945168989707,0.0,40.0
180.4,0.0,-0.27925041191845756,-39.99902522821579,0.0,40.0
180.5,0.0,-0.3490614199349485,-39.99847692256685,0.0,40.0
180.60000000000002,0.0,-0.418871364649854,-39.997806774620486,0.0,40.0
180.70000000000002,0.0,-0.48868003340990473,-39.99701478641808,0.0,40.0
180.8,0.0,-0.5584872135658245,-39.99610096037217,0.0,40.0
180.9,0.0,-0.6282926924728363,-39.99506529926642,0.0,40.0
181.0,0.0,-0.6980962574913454,-39.99390780625565,0.0,40.0
181.10000000000002,0.0,-0.7678976959876049,-39.99262848486577,0.0,40.0
181.20000000000002,0.0,-0.8376967953342924,-39.99122733899382,0.0,40.0
181.3,0.0,-0.907493342911264,-39.98970437290793,0.0,40.0
181.4,0.0,-0.9772871261061313,-39.98805959124732,0.0,40.0
181.5,0.0,-1.047077932314927,-39.98629299902229,0.0,40.0
181.60000000000002,0.0,-1.1168655489427697,-39.98440460161417,0.0,40.0
181.70000000000002,0.0,-1.1866497634044404,-39.98239440477536,0.0,40.0
181.8,0.0,-1.2564303631251375,-39.980262414629266,0.0,40.0
181.9,0.0,-1.3262071355410527,-39.978008637670285,0.0,40.0
182.0,0.0,-1.395979868100036,-39.97563308076383,0.0,40.0
182.10000000000002,0.0,-1.4657483482622615,-39.97313575114625,0.0,40.0
182.20000000000002,0.0,-1.5355123635008037,-39.97051665642485,0.0,40.0
182.3,0.0,-1.605271701302391,-39.96777580457784,0.0,40.0
182.4,0.0,-1.6750261491679828,-39.96491320395434,0.0,40.0
182.5,0.0,-1.744775494613433,-39.96192886327431,0.0,40.0
182.60000000000002,0.0,-1.8145195251701576,-39.958822791628585,0.0,40.0
182.70000000000002,0.0,-1.8842580283857084,-39.9555949984788,0.0,40.0
182.8,0.0,-1.9539907918245283,-39.952245493657365,0.0,40.0
182.9,0.0,-2.023717603068526,-39.94877428736745,0.0,40.0
183.0,0.0,-2.0934382497177424,-39.94518139018295,0.0,40.0
183.10000000000002,0.0,-2.163152519391032,-39.94146681304847,0.0,40.0
183.20000000000002,0.0,-2.2328601997265682,-39.93763056727924,0.0,40.0
183.3,0.0,-2.302561078382703,-39.93367266456113,0.0,40.0
183.4,0.0,-2.3722549430384725,-39.929593116950606,0.0,40.0
183.5,0.0,-2.4419415813942775,-39.925391936874675,0.0,40.0
183.60000000000002,0.0,-2.5116207811725513,-39.921069137130864,0.0,40.0
183.70000000000002,0.0,-2.5812923301183313,-39.91662473088716,0.0,40.0
183.8,0.0,-2.6509560160000136,-39.912058731681995,0.0,40.0
183.9,0.0,-2.72061162660993,-39.90737115342421,0.0,40.0
184.0,0.0,-2.790258949765011,-39.90256201039297,0.0,40.0
184.10000000000002,0.0,-2.8598977733074493,-39.89763131723776,0.0,40.0
184.20000000000002,0.0,-2.9295278851052755,-39.89257908897832,0.0,40.0
184.3,0.0,-2.9991490730531116,-39.88740534100463,0.0,40.0
184.4,0.0,-3.0687611250727453,-39.88211008907681,0.0,40.0
184.5,0.0,-3.1383638291137927,-39.876693349325116,0.0,40.0
184.60000000000002,0.0,-3.207956973154365,-39.87115513824988,0.0,40.0
184.70000000000002,0.0,-3.277540345201641,-39.86549547272146,0.0,40.0
184.8,0.0,-3.3471137332926193,-39.859714369980175,0.0,40.0
184.9,0.0,-3.4166769254946945,-39.85381184763626,0.0,40.0
185.0,0.0,-3.4862297099063175,-39.84778792366982,0.0,40.0
185.10000000000002,0.0,-3.5557718746576827,-39.84164261643078,0.0,40.0
185.20000000000002,0.0,-3.625303207911224,-39.83537594463881,0.0,40.0
185.3,0.0,-3.6948234978624765,-39.82898792738328,0.0,40.0
185.4,0.0,-3.764332532740582,-39.8224785841232,0.0,40.0
185.5,0.0,-3.833830100808964,-39.81584793468715,0.0,40.0
185.60000000000002,0.0,-3.903315990365997,-39.80909599927325,0.0,40.0
185.70000000000002,0.0,-3.972789989745574,-39.80222279844905,0.0,40.0
185.8,0.0,-4.042251887317864,-39.79522835315153,0.0,40.0
185.9,0.0,-4.111701471489877,-39.78811268468697,0.0,40.0
186.0,0.0,-4.18113853070614,-39.78087581473093,0.0,40.0
186.10000000000002,0.0,-4.250562853449343,-39.77351776532818,0.0,40.0
186.20000000000002,0.0,-4.319974228240923,-39.76603855889262,0.0,40.0
186.3,0.0,-4.3893724436418164,-39.75843821820719,0.0,40.0
186.4,0.0,-4.45875728825302,-39.75071676642386,0.0,40.0
186.5,0.0,-4.528128550716265,-39.742874227063496,0.0,40.0
186.60000000000002,0.0,-4.597486019714674,-39.73491062401586,0.0,40.0
186.70000000000002,0.0,-4.666829483973332,-39.72682598153944,0.0,40.0
186.8,0.0,-4.73615873226004,-39.71862032426148,0.0,40.0
186.9,0.0,-4.805473553385881,-39.71029367717782,0.0,40.0
187.0,0.0,-4.874773736205892,-39.70184606565289,0.0,40.0
187.10000000000002,0.0,-4.944059069619715,-39.693277515419545,0.0,40.0
187.20000000000002,0.0,-5.013329342572171,-39.684588052579116,0.0,40.0
187.3,0.0,-5.082584344054016,-39.675777703601184,0.0,40.0
187.4,0.0,-5.151823863102505,-39.66684649532362,0.0,40.0
187.5,0.0,-5.221047688802053,-39.65779445495242,0.0,40.0
187.60000000000002,0.0,-5.290255610284918,-39.64862161006167,0.0,40.0
187.70000000000002,0.0,-5.3594474167316974,-39.63932798859345,0.0,40.0
187.8,0.0,-5.428622897372187,-39.62991361885774,0.0,40.0
187.9,0.0,-5.497781841485874,-39.62037852953235,0.0,40.0
188.0,0.0,-5.566924038402621,-39.61072274966281,0.0,40.0
188.10000000000002,0.0,-5.636049277503322,-39.6009463086623,0.0,40.0
188.20000000000002,0.0,-5.705157348220478,-39.591049236311555,0.0,40.0
188.3,0.0,-5.774248040038936,-39.581031562758774,0.0,40.0
188.4,0.0,-5.843321142496468,-39.57089331851953,0.0,40.0
188.5,0.0,-5.9123764451844245,-39.56063453447668,0.0,40.0
188.60000000000002,0.0,-5.981413737748394,-39.55025524188023,0.0,40.0
188.70000000000002,0.0,-6.050432809888776,-39.53975547234734,0.0,40.0
188.8,0.0,-6.119433451361527,-39.52913525786211,0.0,40.0
188.9,0.0,-6.188415451978723,-39.51839463077556,0.0,40.0
189.0,0.0,-6.257378601609229,-39.507533623805514,0.0,40.0
189.10000000000002,0.0,-6.32632269017935,-39.49655227003645,0.0,40.0
189.20000000000002,0.0,-6.395247507673398,-39.485450602919514,0.0,40.0
189.3,0.0,-6.464152844134445,-39.47422865627229,0.0,40.0
189.4,0.0,-6.533038489664885,-39.46288646427878,0.0,40.0
189.5,0.0,-6.6019042344270975,-39.451424061489256,0.0,40.0
189.60000000000002,0.0,-6.670749868644112,-39.43984148282019,0.0,40.0
189.70000000000002,0.0,-6.739575182600122,-39.428138763554145,0.0,40.0
189.8,0.0,-6.808379966641316,-39.416315939339604,0.0,40.0
189.9,0.0,-6.877164011176391,-39.404373046190955,0.0,40.0
190.0,0.0,-6.945927106677219,-39.39231012048832,0.0,40.0
190.10000000000002,0.0,-7.014669043679502,-39.38012719897746,0.0,40.0
190.20000000000002,0.0,-7.083389612783345,-39.36782431876968,0.0,40.0
190.3,0.0,-7.1520886046539935,-39.35540151734166,0.0,40.0
190.4,0.0,-7.220765810022404,-39.342858832535434,0.0,40.0
190.5,0.0,-7.289421019685899,-39.330196302558186,0.0,40.0
190.60000000000002,0.0,-7.35805402450882,-39.31741396598217,0.0,40.0
190.70000000000002,0.0,-7.426664615423098,-39.30451186174461,0.0,40.0
190.8,0.0,-7.495252583428991,-39.291490029147546,0.0,40.0
190.9,0.0,-7.563817719595653,-39.27834850785774,0.0,40.0
191.0,0.0,-7.632359815061789,-39.26508733790656,0.0,40.0
191.10000000000002,0.0,-7.700878661036308,-39.25170655968981,0.0,40.0
191.20000000000002,0.0,-7.769374048798885,-39.23820621396766,0.0,40.0
191.3,0.0,-7.837845769700708,-39.22458634186452,0.0,40.0
191.4,0.0,-7.906293615165043,-39.21084698486887,0.0,40.0
191.5,0.0,-7.97471737668788,-39.19698818483319,0.0,40.0
191.60000000000002,0.0,-8.043116845838593,-39.18300998397376,0.0,40.0
191.70000000000002,0.0,-8.1114918142605,-39.168912424870626,0.0,40.0
191.8,0.0,-8.179842073671612,-39.1546955504674,0.0,40.0
191.9,0.0,-8.24816741586518,-39.140359404071134,0.0,40.0
192.0,0.0,-8.316467632710381,-39.12590402935222,0.0,40.0
192.10000000000002,0.0,-8.384742516152892,-39.111329470344245,0.0,40.0
192.20000000000002,0.0,-8.452991858215562,-39.09663577144383,0.0,40.0
192.3,0.0,-8.521215450999074,-39.08182297741054,0.0,40.0
192.4,0.0,-8.589413086682535,-39.06689113336671,0.0,40.0
192.5,0.0,-8.657584557524117,-39.051840284797336,0.0,40.0
192.60000000000002,0.0,-8.725729655861718,-39.03667047754989,0.0,40.0
192.70000000000002,0.0,-8.793848174113512,-39.02138175783426,0.0,40.0
192.8,0.0,-8.8619399047787,-39.00597417222252,0.0,40.0
192.9,0.0,-8.930004640438057,-38.990447767648874,0.0,40.0
193.0,0.0,-8.998042173754598,-38.97480259140941,0.0,40.0
193.10000000000002,0.0,-9.066052297474215,-38.959038691162064,0.0,40.0
193.20000000000002,0.0,-9.134034804426237,-38.94315611492641,0.0,40.0
193.3,0.0,-9.20198948752418,-38.927154911083534,0.0,40.0
193.4,0.0,-9.269916139766291,-38.911035128375865,0.0,40.0
193.5,0.0,-9.33781455423621,-38.894796815907064,0.0,40.0
193.60000000000002,0.0,-9.40568452410361,-38.87844002314185,0.0,40.0
193.70000000000002,0.0,-9.47352584262475,-38.86196479990585,0.0,40.0
193.8,0.0,-9.541338303143235,-38.84537119638544,0.0,40.0
193.9,0.0,-9.609121699090544,-38.82865926312763,0.0,40.0
194.0,0.0,-9.6768758239867,-38.81182905103986,0.0,40.0
194.10000000000002,0.0,-9.744600471440922,-38.794880611389864,0.0,40.0
194.20000000000002,0.0,-9.81229543515212,-38.77781399580555,0.0,40.0
194.3,0.0,-9.879960508909729,-38.76062925627478,0.0,40.0
194.4,0.0,-9.947595486594201,-38.74332644514524,0.0,40.0
194.5,0.0,-10.015200162177662,-38.72590561512431,0.0,40.0
194.60000000000002,0.0,-10.082774329724561,-38.708366819278844,0.0,40.0
194.70000000000002,0.0,-10.150317783392238,-38.69071011103507,0.0,40.0
194.8,0.0,-10.21783031743163,-38.67293554417837,0.0,40.0
194.9,0.0,-10.285311726187853,-38.65504317285317,0.0,40.0
195.0,0.0,-10.352761804100831,-38.63703305156273,0.0,40.0
195.10000000000002,0.0,-10.420180345705948,-38.618905235168995,0.0,40.0
195.20000000000002,0.0,-10.487567145634598,-38.60065977889246,0.0,40.0
195.3,0.0,-10.55492199861492,-38.582296738311925,0.0,40.0
195.4,0.0,-10.622244699472354,-38.5638161693644,0.0,40.0
195.5,0.0,-10.689535043130272,-38.54521812834492,0.0,40.0
195.60000000000002,0.0,-10.756792824610637,-38.52650267190632,0.0,40.0
195.70000000000002,0.0,-10.82401783903455,-38.50766985705915,0.0,40.0
195.8,0.0,-10.891209881622974,-38.488719741171415,0.0,40.0
195.9,0.0,-10.958368747697296,-38.46965238196845,0.0,40.0
196.0,0.0,-11.02549423267996,-38.450467837532756,0.0,40.0
196.10000000000002,0.0,-11.092586132095118,-38.43116616630376,0.0,40.0
196.20000000000002,0.0,-11.159644241569172,-38.41174742707772,0.0,40.0
196.3,0.0,-11.226668356831508,-38.392211679007474,0.0,40.0
196.4,0.0,-11.293658273715053,-38.3725589816023,0.0,40.0
196.5,0.0,-11.360613788156911,-38.35278939472772,0.0,40.0
196.60000000000002,0.0,-11.427534696198961,-38.332902978605325,0.0,40.0
196.70000000000002,0.0,-11.494420793988496,-38.31289979381259,0.0,40.0
196.8,0.0,-11.561271877778873,-38.292779901282685,0.0,40.0
196.9,0.0,-11.628087743930104,-38.27254336230429,0.0,40.0
197.0,0.0,-11.69486818890947,-38.252190238521415,0.0,40.0
197.10000000000002,0.0,-11.761613009292173,-38.2317205919332,0.0,40.0
197.20000000000002,0.0,-11.82832200176188,-38.21113448489375,0.0,40.0
197.3,0.0,-11.894994963111445,-38.190431980111896,0.0,40.0
197.4,0.0,-11.961631690243468,-38.16961314065107,0.0,40.0
197.5,0.0,-12.028231980170922,-38.14867802992908,0.0,40.0
197.60000000000002,0.0,-12.094795630017792,-38.12762671171788,0.0,40.0
197.70000000000002,0.0,-12.161322437019619,-38.106459250143445,0.0,40.0
197.8,0.0,-12.22781219852423,-38.08517570968555,0.0,40.0
197.9,0.0,-12.294264711992282,-38.06377615517753,0.0,40.0
198.0,0.0,-12.360679774997891,-38.042260651806146,0.0,40.0
198.10000000000002,0.0,-12.427057185229277,-38.020629265111346,0.0,40.0
198.20000000000002,0.0,-12.493396740489304,-37.9988820609861,0.0,40.0
198.3,0.0,-12.559698238696198,-37.977019105676156,0.0,40.0
198.4,0.0,-12.625961477884093,-37.95504046577986,0.0,40.0
198.5,0.0,-12.692186256203676,-37.93294620824798,0.0,40.0
198.60000000000002,0.0,-12.75837237192282,-37.91073640038342,0.0,40.0
198.70000000000002,0.0,-12.824519623427067,-37.88841110984115,0.0,40.0
198.8,0.0,-12.890627809220456,-37.86597040462785,0.0,40.0
198.9,0.0,-12.956696727925985,-37.843414353101814,0.0,40.0
199.0,0.0,-13.02272617828627,-37.82074302397267,0.0,40.0
199.10000000000002,0.0,-13.088715959164174,-37.79795648630123,0.0,40.0
199.20000000000002,0.0,-13.154665869543344,-37.77505480949924,0.0,40.0
199.3,0.0,-13.22057570852893,-37.752038063329174,0.0,40.0
199.4,0.0,-13.286445275348136,-37.72890631790404,0.0,40.0
199.5,0.0,-13.352274369350837,-37.705659643687135,0.0,40.0
199.60000000000002,0.0,-13.418062790010215,-37.68229811149186,0.0,40.0
199.70000000000002,0.0,-13.483810336923291,-37.65882179248151,0.0,40.0
199.8,0.0,-13.54951680981166,-37.635230758169016,0.0,40.0
199.9,0.0,-13.615182008522007,-37.611525080416754,0.0,40.0
200.0,0.0,-13.680805733026746,-37.58770483143634,0.0,40.0
200.10000000000002,0.0,-13.746387783424652,-37.56377008378836,0.0,40.0
200.20000000000002,0.0,-13.81192795994139,-37.539720910382236,0.0,40.0
200.3,0.0,-13.877426062930237,-37.515557384475905,0.0,40.0
200.4,0.0,-13.942881892872606,-37.49127957967566,0.0,40.0
200.5,0.0,-14.00829525037869,-37.466887569935906,0.0,40.0
200.60000000000002,0.0,-14.073665936188078,-37.44238142955893,0.0,40.0
200.70000000000002,0.0,-14.138993751170286,-37.41776123319469,0.0,40.0
200.8,0.0,-14.204278496325479,-37.39302705584058,0.0,40.0
200.9,0.0,-14.269519972785002,-37.368178972841186,0.0,40.0
201.0,0.0,-14.334717981812018,-37.34321705988807,0.0,40.0
201.10000000000002,0.0,-14.399872324802068,-37.31814139301956,0.0,40.0
201.20000000000002,0.0,-14.464982803283707,-37.292952048620485,0.0,40.0
201.3,0.0,-14.530049218919146,-37.26764910342196,0.0,40.0
201.4,0.0,-14.595071373504794,-37.24223263450113,0.0,40.0
201.5,0.0,-14.660049068971894,-37.21670271928098,0.0,40.0
201.60000000000002,0.0,-14.724982107387133,-37.19105943553005,0.0,40.0
201.70000000000002,0.0,-14.789870290953182,-37.16530286136224,0.0,40.0
201.8,0.0,-14.8547134220094,-37.13943307523654,0.0,40.0
201.9,0.0,-14.91951130303236,-37.1134501559568,0.0,40.0
202.0,0.0,-14.98426373663648,-37.0873541826715,0.0,40.0
202.10000000000002,0.0,-15.048970525574637,-37.06114523487349,0.0,40.0
202.20000000000002,0.0,-15.11363147273869,-37.03482339239979,0.0,40.0
202.3,0.0,-15.178246381160207,-37.00838873543128,0.0,40.0
202.4,0.0,-15.242815054010963,-36.98184134449252,0.0,40.0
202.5,0.0,-15.307337294603586,-36.95518130045147,0.0,40.0
202.60000000000002,0.0,-15.371812906392158,-36.92840868451923,0.0,40.0
202.70000000000002,0.0,-15.436241692972747,-36.90152357824986,0.0,40.0
202.8,0.0,-15.500623458084117,-36.87452606354002,0.0,40.0
202.9,0.0,-15.564958005608245,-36.84741622262885,0.0,40.0
203.0,0.0,-15.629245139570942,-36.82019413809761,0.0,40.0
203.10000000000002,0.0,-15.693484664142478,-36.7928598928695,0.0,40.0
203.20000000000002,0.0,-15.757676383638062,-36.76541357020937,0.0,40.0
203.3,0.0,-15.82182010251861,-36.73785525372348,0.0,40.0
203.4,0.0,-15.885915625391231,-36.710185027359245,0.0,40.0
203.5,0.0,-15.949962757009853,-36.68240297540496,0.0,40.0
203.60000000000002,0.0,-16.013961302275813,-36.654509182489576,0.0,40.0
203.70000000000002,0.0,-16.07791106623842,-36.62650373358244,0.0,40.0
203.8,0.0,-16.141811854095607,-36.59838671399299,0.0,40.0
203.9,0.0,-16.205663471194505,-36.57015820937055,0.0,40.0
204.0,0.0,-16.26946572303201,-36.541818305704034,0.0,40.0
204.10000000000002,0.0,-16.33321841525541,-36.51336708932171,0.0,40.0
204.20000000000002,0.0,-16.39692135366292,-36.48480464689092,0.0,40.0
204.3,0.0,-16.460574344204353,-36.45613106541781,0.0,40.0
204.4,0.0,-16.52417719298167,-36.427346432247084,0.0,40.0
204.5,0.0,-16.587729706249558,-36.39845083506173,0.0,40.0
204.60000000000002,0.0,-16.651231690416054,-36.369444361882735,0.0,40.0
204.70000000000002,0.0,-16.714682952043077,-36.34032710106887,0.0,40.0
204.8,0.0,-16.778083297847086,-36.31109914131635,0.0,40.0
204.9,0.0,-16.84143253469964,-36.2817605716586,0.0,40.0
205.0,0.0,-16.90473046962797,-36.252311481466,0.0,40.0
205.10000000000002,0.0,-16.96797690981561,-36.22275196044558,0.0,40.0
205.20000000000002,0.0,-17.031171662602908,-36.19308209864078,0.0,40.0
205.3,0.0,-17.094314535487694,-36.16330198643114,0.0,40.0
205.4,0.0,-17.157405336125827,-36.13341171453203,0.0,40.0
205.5,0.0,-17.220443872331813,-36.10341137399442,0.0,40.0
205.60000000000002,0.0,-17.28342995207931,-36.07330105620454,0.0,40.0
205.70000000000002,0.0,-17.346363383501785,-36.043080852883655,0.0,40.0
205.8,0.0,-17.40924397489311,-36.012750856087735,0.0,40.0
205.9,0.0,-17.472071534708096,-35.98231115820721,0.0,40.0
206.0,0.0,-17.5348458715631,-35.95176185196668,0.0,40.0
206.10000000000002,0.0,-17.59756679423662,-35.92110303042462,0.0,40.0
206.20000000000002,0.0,-17.66023411166982,-35.89033478697313,0.0,40.0
206.3,0.0,-17.722847632967195,-35.85945721533762,0.0,40.0
206.4,0.0,-17.785407167397103,-35.82847040957651,0.0,40.0
206.5,0.0,-17.84791252439235,-35.797374464081,0.0,40.0
206.60000000000002,0.0,-17.9103635135508,-35.76616947357472,0.0,40.0
206.70000000000002,0.0,-17.972759944635868,-35.734855533113496,0.0,40.0
206.8,0.0,-18.035101627577234,-35.70343273808502,0.0,40.0
206.9,0.0,-18.097388372471308,-35.671901184208565,0.0,40.0
207.0,0.0,-18.159619989581866,-35.640260967534715,0.0,40.0
207.10000000000002,0.0,-18.221796289340627,-35.608512184445054,0.0,40.0
207.20000000000002,0.0,-18.28391708234777,-35.5766549316519,0.0,40.0
207.3,0.0,-18.345982179372598,-35.54468930619795,0.0,40.0
207.4,0.0,-18.407991391354063,-35.51261540545605,0.0,40.0
207.5,0.0,-18.46994452940135,-35.48043332712887,0.0,40.0
207.60000000000002,0.0,-18.531841404794488,-35.44814316924858,0.0,40.0
207.70000000000002,0.0,-18.5936818289848,-35.41574503017663,0.0,40.0
207.8,0.0,-18.65546561359566,-35.383239008603354,0.0,40.0
207.9,0.0,-18.71719257042294,-35.350625203547736,0.0,40.0
208.0,0.0,-18.778862511435634,-35.31790371435707,0.0,40.0
208.10000000000002,0.0,-18.840475248776414,-35.2850746407067,0.0,40.0
208.20000000000002,0.0,-18.90203059476217,-35.252138082599686,0.0,40.0
208.3,0.0,-18.96352836188466,-35.21909414036648,0.0,40.0
208.4,0.0,-19.024968362811013,-35.18594291466466,0.0,40.0
208.5,0.0,-19.086350410384338,-35.152684506478614,0.0,40.0
208.60000000000002,0.0,-19.147674317624283,-35.11931901711922,0.0,40.0
208.70000000000002,0.0,-19.208939897727568,-35.08584654822354,0.0,40.0
208.8,0.0,-19.270146964068616,-35.05226720175454,0.0,40.0
208.9,0.0,-19.331295330200096,-35.018581080000715,0.0,40.0
209.0,0.0,-19.39238480985348,-34.98478828557583,0.0,40.0
209.10000000000002,0.0,-19.45341521693963,-34.9508889214186,0.0,40.0
209.20000000000002,0.0,-19.514386365549313,-34.91688309079238,0.0,40.0
209.3,0.0,-19.57529806995385,-34.88277089728483,0.0,40.0
209.4,0.0,-19.63615014460563,-34.84855244480758,0.0,40.0
209.5,0.0,-19.696942404138678,-34.81422783759599,0.0,40.0
209.60000000000002,0.0,-19.757674663369244,-34.77979718020875,0.0,40.0
209.70000000000002,0.0,-19.818346737296302,-34.745260577527645,0.0,40.0
209.8,0.0,-19.87895844110221,-34.71061813475714,0.0,40.0
209.9,0.0,-19.939509590153207,-34.67586995742411,0.0,40.0
210.0,0.0,-20.000000000000004,-34.64101615137754,0.0,40.0
210.10000000000002,0.0,-20.06042948637831,-34.60605682278817,0.0,40.0
210.20000000000002,0.0,-20.12079786520942,-34.57099207814818,0.0,40.0
210.3,0.0,-20.18110495260078,-34.535822024270864,0.0,40.0
210.4,0.0,-20.24135056484656,-34.50054676829029,0.0,40.0
210.5,0.0,-20.30153451842817,-34.46516641766103,0.0,40.0
210.60000000000002,0.0,-20.361656630014867,-34.429681080157735,0.0,40.0
210.70000000000002,0.0,-20.42171671646424,-34.39409086387493,0.0,40.0
210.8,0.0,-20.48171459482287,-34.35839587722657,0.0,40.0
210.9,0.0,-20.541650082326804,-34.32259622894578,0.0,40.0
211.0,0.0,-20.601522996402167,-34.286692028084495,0.0,40.0
211.10000000000002,0.0,-20.661333154665687,-34.25068338401312,0.0,40.0
211.20000000000002,0.0,-20.721080374925215,-34.21457040642026,0.0,40.0
211.3,0.0,-20.780764475180376,-34.17835320531229,0.0,40.0
211.4,0.0,-20.840385273623056,-34.1420318910131,0.0,40.0
211.5,0.0,-20.89994258863795,-34.105606574163694,0.0,40.0
211.60000000000002,0.0,-20.95943623880317,-34.0690773657219,0.0,40.0
211.70000000000002,0.0,-21.018866042890714,-34.03244437696205,0.0,40.0
211.8,0.0,-21.0782318198671,-33.99570771947456,0.0,40.0
211.9,0.0,-21.137533388893882,-33.958867505165664,0.0,40.0
212.0,0.0,-21.19677056932819,-33.921923846257044,0.0,40.0
212.10000000000002,0.0,-21.255943180723335,-33.88487685528547,0.0,40.0
212.20000000000002,0.0,-21.315051042829218,-33.847726645102554,0.0,40.0
212.3,0.0,-21.374093975593063,-33.81047332887424,0.0,40.0
212.4,0.0,-21.43307179915987,-33.7731170200806,0.0,40.0
212.5,0.0,-21.491984333872956,-33.73565783251542,0.0,40.0
212.60000000000002,0.0,-21.550831400274536,-33.69809588028589,0.0,40.0
212.70000000000002,0.0,-21.609612819106214,-33.660431277812236,0.0,40.0
212.8,0.0,-21.668328411309602,-33.622664139827364,0.0,40.0
212.9,0.0,-21.726977998026832,-33.58479458137653,0.0,40.0
213.0,0.0,-21.785561400601082,-33.546822717816966,0.0,40.0
213.10000000000002,0.0,-21.84407844057717,-33.508748664817546,0.0,40.0
213.20000000000002,0.0,-21.902528939702016,-33.47057253835846,0.0,40.0
213.3,0.0,-21.960912719925272,-33.43229445473081,0.0,40.0
213.4,0.0,-22.019229603399822,-33.393914530536264,0.0,40.0
213.5,0.0,-22.077479412482326,-33.35543288268673,0.0,40.0
213.60000000000002,0.0,-22.135661969733775,-33.31684962840397,0.0,40.0
213.70000000000002,0.0,-22.193777097919973,-33.2781648852193,0.0,40.0
213.8,0.0,-22.251824620012194,-33.23937877097313,0.0,40.0
213.9,0.0,-22.309804359187602,-33.2004914038147,0.0,40.0
214.0,0.0,-22.367716138829866,-33.161502902201676,0.0,40.0
214.10000000000002,0.0,-22.425559782529675,-33.12241338489977,0.0,40.0
214.20000000000002,0.0,-22.48333511408522,-33.083222970982476,0.0,40.0
214.3,0.0,-22.541041957502856,-33.04393177983056,0.0,40.0
214.4,0.0,-22.598680136997512,-33.00453993113181,0.0,40.0
214.5,0.0,-22.656249476993317,-32.965047544880626,0.0,40.0
214.60000000000002,0.0,-22.713749802124067,-32.92545474137766,0.0,40.0
214.70000000000002,0.0,-22.77118093723378,-32.88576164122949,0.0,40.0
214.8,0.0,-22.828542707377277,-32.845968365348156,0.0,40.0
214.9,0.0,-22.885834937820654,-32.80607503495088,0.0,40.0
215.0,0.0,-22.943057454041845,-32.76608177155967,0.0,40.0
215.10000000000002,0.0,-23.000210081731154,-32.72598869700093,0.0,40.0
215.20000000000002,0.0,-23.05729264679174,-32.68579593340513,0.0,40.0
215.3,0.0,-23.11430497534022,-32.64550360320641,0.0,40.0
215.4,0.0,-23.171246893707153,-32.60511182914217,0.0,40.0
215.5,0.0,-23.22811822843759,-32.56462073425277,0.0,40.0
215.60000000000002,0.0,-23.284918806291586,-32.524030441881095,0.0,40.0
215.70000000000002,0.0,-23.34164845424471,-32.48334107567225,0.0,40.0
215.8,0.0,-23.39830699948862,-32.44255275957307,0.0,40.0
215.9,0.0,-23.45489426943157,-32.401665617831846,0.0,40.0
216.0,0.0,-23.51141009169892,-32.360679774997905,0.0,40.0
216.10000000000002,0.0,-23.56785429413369,-32.319595355921216,0.0,40.0
216.20000000000002,0.0,-23.624226704797017,-32.27841248575208,0.0,40.0
216.3,0.0,-23.680527151968782,-32.23713128994063,0.0,40.0
216.4,0.0,-23.736755464148054,-32.195751894236565,0.0,40.0
216.5,0.0,-23.792911470053646,-32.1542744246887,0.0,40.0
216.60000000000002,0.0,-23.84899499862465,-32.11269900764457,0.0,40.0
216.70000000000002,0.0,-23.90500587902086,-32.07102576975015,0.0,40.0
216.8,0.0,-23.960943940623444,-32.02925483794933,0.0,40.0
216.9,0.0,-24.01680901303537,-31.987386339483614,0.0,40.0
217.0,0.0,-24.072600926081936,-31.945420401891713,0.0,40.0
217.10000000000002,0.0,-24.128319509811313,-31.90335715300913,0.0,40.0
217.20000000000002,0.0,-24.183964594495006,-31.86119672096784,0.0,40.0
217.3,0.0,-24.23953601062845,-31.81893923419583,0.0,40.0
217.4,0.0,-24.29503358893147,-31.77658482141672,0.0,40.0
217.5,0.0,-24.350457160348824,-31.734133611649405,0.0,40.0
217.60000000000002,0.0,-24.405806556050717,-31.69158573420762,0.0,40.0
217.70000000000002,0.0,-24.461081607433254,-31.6489413186996,0.0,40.0
217.8,0.0,-24.516282146119064,-31.60620049502761,0.0,40.0
217.9,0.0,-24.571408003957732,-31.563363393387625,0.0,40.0
218.0,0.0,-24.626459013026327,-31.52043014426888,0.0,40.0
218.10000000000002,0.0,-24.681435005629954,-31.477400878453487,0.0,40.0
218.20000000000002,0.0,-24.73633581430217,-31.434275727016075,0.0,40.0
218.3,0.0,-24.791161271805606,-31.391054821323316,0.0,40.0
218.4,0.0,-24.84591121113241,-31.347738293033593,0.0,40.0
218.5,0.0,-24.900585465504776,-31.30432627409656,0.0,40.0
218.60000000000002,0.0,-24.955183868375453,-31.26081889675275,0.0,40.0
218.70000000000002,0.0,-25.009706253428206,-31.217216293533188,0.0,40.0
218.8,0.0,-25.064152454578416,-31.17351859725897,0.0,40.0
218.9,0.0,-25.118522305973524,-31.12972594104083,0.0,40.0
219.0,0.0,-25.172815641993505,-31.085838458278833,0.0,40.0
219.10000000000002,0.0,-25.227032297251462,-31.04185628266183,0.0,40.0
219.20000000000002,0.0,-25.281172106594045,-30.997779548167173,0.0,40.0
219.3,0.0,-25.335234905102016,-30.953608389060243,0.0,40.0
219.4,0.0,-25.389220528090707,-30.90934293989404,0.0,40.0
219.5,0.0,-25.443128811110558,-30.864983335508796,0.0,40.0
219.60000000000002,0.0,-25.4969595899476,-30.82052971103156,0.0,40.0
219.70000000000002,0.0,-25.550712700623915,-30.77598220187579,0.0,40.0
219.8,0.0,-25.604387979398222,-30.731340943740932,0.0,40.0
219.9,0.0,-25.657985262766317,-30.68660607261198,0.0,40.0
220.0,0.0,-25.71150438746157,-30.64177772475912,0.0,40.0
220.10000000000002,0.0,-25.764945190455467,-30.596856036737265,0.0,40.0
220.20000000000002,0.0,-25.81830750895803,-30.55184114538568,0.0,40.0
220.3,0.0,-25.871591180418385,-30.506733187827532,0.0,40.0
220.4,0.0,-25.924796042525237,-30.46153230146947,0.0,40.0
220.5,0.0,-25.97792193320734,-30.41623862400124,0.0,40.0
220.60000000000002,0.0,-26.03096869063404,-30.370852293395227,0.0,40.0
220.70000000000002,0.0,-26.08393615321569,-30.325373447906085,0.0,40.0
220.8,0.0,-26.136824159604217,-30.279802226070256,0.0,40.0
220.9,0.0,-26.189632548693584,-30.234138766705584,0.0,40.0
221.0,0.0,-26.24236115962028,-30.188383208910885,0.0,40.0
221.10000000000002,0.0,-26.295009831763846,-30.1425356920655,0.0,40.0
221.20000000000002,0.0,-26.34757840474723,-30.096596355828964,0.0,40.0
221.3,0.0,-26.40006671843748,-30.050565340140437,0.0,40.0
221.4,0.0,-26.452474612946084,-30.004442785218373,0.0,40.0
221.5,0.0,-26.5048019286295,-29.958228831560085,0.0,40.0
221.60000000000002,0.0,-26.55704850608968,-29.911923619941266,0.0,40.0
221.70000000000002,0.0,-26.609214186174444,-29.865527291415646,0.0,40.0
221.8,0.0,-26.661298809978106,-29.819039987314483,0.0,40.0
221.9,0.0,-26.713302218841868,-29.772461849246163,0.0,40.0
222.0,0.0,-26.76522425435433,-29.725793019095768,0.0,40.0
222.10000000000002,0.0,-26.817064758351975,-29.67903363902465,0.0,40.0
222.20000000000002,0.0,-26.868823572919617,-29.632183851469996,0.0,40.0
222.3,0.0,-26.920500540390936,-29.585243799144383,0.0,40.0
222.4,0.0,-26.972095503348935,-29.538213625035354,0.0,40.0
222.5,0.0,-27.023608304626407,-29.491093472404962,0.0,40.0
222.60000000000002,0.0,-27.07503878730644,-29.443883484789367,0.0,40.0
222.70000000000002,0.0,-27.12638679472283,-29.396583805998393,0.0,40.0
222.8,0.0,-27.17765217046066,-29.349194580115054,0.0,40.0
222.9,0.0,-27.228834758356708,-29.30171595149515,0.0,40.0
223.0,0.0,-27.279934402499933,-29.254148064766824,0.0,40.0
223.10000000000002,0.0,-27.33095094723197,-29.20649106483009,0.0,40.0
223.20000000000002,0.0,-27.38188423714755,-29.158745096856464,0.0,40.0
223.3,0.0,-27.432734117095045,-29.11091030628842,0.0,40.0
223.4,0.0,-27.48350043217693,-29.06298683883903,0.0,40.0
223.5,0.0,-27.534183027750167,-29.0149748404915,0.0,40.0
223.60000000000002,0.0,-27.584781749426806,-28.966874457498687,0.0,40.0
223.70000000000002,0.0,-27.635296443074346,-28.918685836382714,0.0,40.0
223.8,0.0,-27.685726954816282,-28.870409123934483,0.0,40.0
223.9,0.0,-27.736073131032523,-28.82204446721321,0.0,40.0
224.0,0.0,-27.786334818359894,-28.773592013546043,0.0,40.0
224.10000000000002,0.0,-27.836511863692586,-28.725051910527544,0.0,40.0
224.20000000000002,0.0,-27.886604114182592,-28.6764243060193,0.0,40.0
224.3,0.0,-27.936611417240236,-28.62770934814943,0.0,40.0
224.4,0.0,-27.986533620534615,-28.578907185312133,0.0,40.0
224.5,0.0,-28.036370571994034,-28.530017966167264,0.0,40.0
224.60000000000002,0.0,-28.086122119806504,-28.48104183963985,0.0,40.0
224.70000000000002,0.0,-28.13578811242016,-28.431978954919693,0.0,40.0
224.8,0.0,-28.185368398543787,-28.382829461460837,0.0,40.0
224.9,0.0,-28.23486282714724,-28.333593508981156,0.0,40.0
225.0,0.0,-28.2842712474619,-28.28427124746191,0.0,40.0
225.10000000000002,0.0,-28.33359350898116,-28.234862827147236,0.0,40.0
225.20000000000002,0.0,-28.382829461460837,-28.185368398543783,0.0,40.0
225.3,0.0,-28.4319789549197,-28.13578811242016,0.0,40.0
225.4,0.0,-28.481041839639857,-28.0861221198065,0.0,40.0
225.5,0.0,-28.530017966167254,-28.036370571994045,0.0,40.0
225.60000000000002,0.0,-28.578907185312147,-27.9865336205346,0.0,40.0
225.70000000000002,0.0,-28.62770934814945,-27.936611417240226,0.0,40.0
225.8,0.0,-28.67642430601932,-27.886604114182575,0.0,40.0
225.9,0.0,-28.725051910527558,-27.836511863692568,0.0,40.0
226.0,0.0,-28.773592013546047,-27.78633481835989,0.0,40.0
226.10000000000002,0.0,-28.822044467213228,-27.736073131032505,0.0,40.0
226.20000000000002,0.0,-28.870409123934493,-27.685726954816264,0.0,40.0
226.3,0.0,-28.918685836382735,-27.635296443074328,0.0,40.0
226.4,0.0,-28.966874457498704,-27.58478174942679,0.0,40.0
226.5,0.0,-29.014974840491504,-27.53418302775016,0.0,40.0
226.60000000000002,0.0,-29.062986838839045,-27.48350043217691,0.0,40.0
226.70000000000002,0.0,-29.110910306288424,-27.43273411709504,0.0,40.0
226.8,0.0,-29.158745096856464,-27.381884237147545,0.0,40.0
226.9,0.0,-29.206491064830097,-27.330950947231965,0.0,40.0
227.0,0.0,-29.254148064766817,-27.279934402499944,0.0,40.0
227.10000000000002,0.0,-29.301715951495154,-27.228834758356705,0.0,40.0
227.20000000000002,0.0,-29.34919458011506,-27.177652170460654,0.0,40.0
227.3,0.0,-29.396583805998397,-27.126386794722826,0.0,40.0
227.4,0.0,-29.443883484789367,-27.075038787306433,0.0,40.0
227.5,0.0,-29.491093472404955,-27.023608304626414,0.0,40.0
227.60000000000002,0.0,-29.538213625035358,-26.972095503348932,0.0,40.0
227.70000000000002,0.0,-29.585243799144386,-26.920500540390933,0.0,40.0
227.8,0.0,-29.63218385147,-26.86882357291961,0.0,40.0
227.9,0.0,-29.67903363902466,-26.817064758351957,0.0,40.0
228.0,0.0,-29.725793019095775,-26.765224254354326,0.0,40.0
228.10000000000002,0.0,-29.772461849246174,-26.71330221884185,0.0,40.0
228.20000000000002,0.0,-29.819039987314497,-26.661298809978085,0.0,40.0
228.3,0.0,-29.865527291415663,-26.609214186174427,0.0,40.0
228.4,0.0,-29.911923619941277,-26.55704850608966,0.0,40.0
228.5,0.0,-29.95822883156009,-26.5048019286295,0.0,40.0
228.60000000000002,0.0,-30.004442785218394,-26.452474612946062,0.0,40.0
228.70000000000002,0.0,-30.05056534014045,-26.40006671843746,0.0,40.0
228.8,0.0,-30.09659635582898,-26.347578404747214,0.0,40.0
228.9,0.0,-30.14253569206552,-26.295009831763828,0.0,40.0
229.0,0.0,-30.18838320891088,-26.24236115962029,0.0,40.0
229.10000000000002,0.0,-30.23413876670559,-26.18963254869358,0.0,40.0
229.20000000000002,0.0,-30.279802226070274,-26.136824159604195,0.0,40.0
229.3,0.0,-30.325373447906102,-26.08393615321567,0.0,40.0
229.4,0.0,-30.37085229339524,-26.030968690634026,0.0,40.0
229.5,0.0,-30.416238624001245,-25.977921933207337,0.0,40.0
229.60000000000002,0.0,-30.461532301469475,-25.92479604252523,0.0,40.0
229.70000000000002,0.0,-30.506733187827532,-25.871591180418378,0.0,40.0
229.8,0.0,-30.551841145385687,-25.818307508958025,0.0,40.0
229.9,0.0,-30.59685603673727,-25.764945190455464,0.0,40.0
230.0,0.0,-30.641777724759116,-25.71150438746158,0.0,40.0
230.10000000000002,0.0,-30.686606072611994,-25.6579852627663,0.0,40.0
230.20000000000002,0.0,-30.731340943740943,-25.604387979398204,0.0,40.0
230.3,0.0,-30.775982201875813,-25.550712700623897,0.0,40.0
230.4,0.0,-30.820529711031575,-25.49695958994758,0.0,40.0
230.5,0.0,-30.8649833355088,-25.443128811110554,0.0,40.0
230.60000000000002,0.0,-30.909342939894042,-25.389220528090704,0.0,40.0
230.70000000000002,0.0,-30.953608389060246,-25.335234905102013,0.0,40.0
230.8,0.0,-30.997779548167177,-25.281172106594042,0.0,40.0
230.9,0.0,-31.04185628266183,-25.22703229725146,0.0,40.0
231.0,0.0,-31.085838458278822,-25.172815641993513,0.0,40.0
231.10000000000002,0.0,-31.129725941040846,-25.118522305973507,0.0,40.0
231.20000000000002,0.0,-31.17351859725897,-25.064152454578412,0.0,40.0
231.3,0.0,-31.21721629353319,-25.009706253428202,0.0,40.0
231.4,0.0,-31.26081889675275,-24.95518386837545,0.0,40.0
231.5,0.0,-31.304326274096553,-24.900585465504786,0.0,40.0
231.60000000000002,0.0,-31.347738293033608,-24.845911211132396,0.0,40.0
231.70000000000002,0.0,-31.39105482132333,-24.79116127180559,0.0,40.0
231.8,0.0,-31.434275727016086,-24.73633581430215,0.0,40.0
231.9,0.0,-31.4774008784535,-24.681435005629936,0.0,40.0
232.0,0.0,-31.520430144268886,-24.626459013026324,0.0,40.0
232.10000000000002,0.0,-31.56336339338763,-24.57140800395773,0.0,40.0
232.20000000000002,0.0,-31.606200495027615,-24.51628214611906,0.0,40.0
232.3,0.0,-31.648941318699602,-24.46108160743325,0.0,40.0
232.4,0.0,-31.691585734207624,-24.405806556050713,0.0,40.0
232.5,0.0,-31.734133611649398,-24.350457160348835,0.0,40.0
232.60000000000002,0.0,-31.776584821416737,-24.295033588931453,0.0,40.0
232.70000000000002,0.0,-31.818939234195845,-24.23953601062843,0.0,40.0
232.8,0.0,-31.86119672096786,-24.183964594494984,0.0,40.0
232.9,0.0,-31.903357153009143,-24.128319509811295,0.0,40.0
233.0,0.0,-31.945420401891713,-24.072600926081932,0.0,40.0
233.10000000000002,0.0,-31.98738633948362,-24.016809013035363,0.0,40.0
233.20000000000002,0.0,-32.02925483794934,-23.960943940623437,0.0,40.0
233.3,0.0,-32.07102576975015,-23.905005879020855,0.0,40.0
233.4,0.0,-32.11269900764457,-23.848994998624647,0.0,40.0
233.5,0.0,-32.15427442468868,-23.792911470053667,0.0,40.0
233.60000000000002,0.0,-32.19575189423657,-23.73675546414805,0.0,40.0
233.70000000000002,0.0,-32.237131289940635,-23.68052715196878,0.0,40.0
233.8,0.0,-32.27841248575208,-23.62422670479701,0.0,40.0
233.9,0.0,-32.31959535592122,-23.56785429413368,0.0,40.0
234.0,0.0,-32.36067977499789,-23.51141009169893,0.0,40.0
234.10000000000002,0.0,-32.40166561783185,-23.454894269431552,0.0,40.0
234.20000000000002,0.0,-32.44255275957308,-23.398306999488604,0.0,40.0
234.3,0.0,-32.48334107567226,-23.341648454244684,0.0,40.0
234.4,0.0,-32.52403044188111,-23.284918806291568,0.0,40.0
234.5,0.0,-32.56462073425277,-23.228118228437587,0.0,40.0
234.60000000000002,0.0,-32.605111829142174,-23.17124689370715,0.0,40.0
234.70000000000002,0.0,-32.64550360320641,-23.114304975340218,0.0,40.0
234.8,0.0,-32.68579593340513,-23.057292646791737,0.0,40.0
234.9,0.0,-32.72598869700093,-23.00021008173115,0.0,40.0
235.0,0.0,-32.76608177155966,-22.943057454041856,0.0,40.0
235.10000000000002,0.0,-32.806075034950894,-22.885834937820636,0.0,40.0
235.20000000000002,0.0,-32.84596836534817,-22.828542707377256,0.0,40.0
235.3,0.0,-32.8857616412295,-22.77118093723376,0.0,40.0
235.4,0.0,-32.92545474137768,-22.71374980212405,0.0,40.0
235.5,0.0,-32.965047544880626,-22.656249476993313,0.0,40.0
235.60000000000002,0.0,-33.00453993113182,-22.598680136997494,0.0,40.0
235.70000000000002,0.0,-33.04393177983057,-22.541041957502834,0.0,40.0
235.8,0.0,-33.08322297098249,-22.483335114085207,0.0,40.0
235.9,0.0,-33.12241338489979,-22.425559782529657,0.0,40.0
236.0,0.0,-33.161502902201676,-22.367716138829863,0.0,40.0
236.10000000000002,0.0,-33.2004914038147,-22.3098043591876,0.0,40.0
236.20000000000002,0.0,-33.23937877097313,-22.251824620012187,0.0,40.0
236.3,0.0,-33.278164885219304,-22.19377709791997,0.0,40.0
236.4,0.0,-33.31684962840398,-22.135661969733768,0.0,40.0
236.5,0.0,-33.35543288268673,-22.077479412482333,0.0,40.0
236.60000000000002,0.0,-33.39391453053628,-22.0192296033998,0.0,40.0
236.70000000000002,0.0,-33.43229445473082,-21.960912719925254,0.0,40.0
236.8,0.0,-33.470572538358475,-21.902528939701998,0.0,40.0
236.9,0.0,-33.50874866481756,-21.844078440577157,0.0,40.0
237.0,0.0,-33.546822717816966,-21.78556140060108,0.0,40.0
237.10000000000002,0.0,-33.58479458137653,-21.726977998026825,0.0,40.0
237.20000000000002,0.0,-33.62266413982737,-21.6683284113096,0.0,40.0
237.3,0.0,-33.66043127781224,-21.609612819106204,0.0,40.0
237.4,0.0,-33.69809588028589,-21.550831400274532,0.0,40.0
237.5,0.0,-33.73565783251542,-21.49198433387297,0.0,40.0
237.60000000000002,0.0,-33.77311702008061,-21.433071799159855,0.0,40.0
237.70000000000002,0.0,-33.81047332887425,-21.374093975593045,0.0,40.0
237.8,0.0,-33.84772664510257,-21.315051042829193,0.0,40.0
237.9,0.0,-33.88487685528548,-21.255943180723314,0.0,40.0
238.0,0.0,-33.92192384625704,-21.1967705693282,0.0,40.0
238.10000000000002,0.0,-33.95886750516568,-21.137533388893864,0.0,40.0
238.20000000000002,0.0,-33.99570771947457,-21.07823181986708,0.0,40.0
238.3,0.0,-34.03244437696206,-21.018866042890693,0.0,40.0
238.4,0.0,-34.06907736572191,-20.95943623880315,0.0,40.0
238.5,0.0,-34.105606574163694,-20.89994258863794,0.0,40.0
238.60000000000002,0.0,-34.1420318910131,-20.84038527362305,0.0,40.0
238.70000000000002,0.0,-34.1783532053123,-20.78076447518037,0.0,40.0
238.8,0.0,-34.214570406420265,-20.72108037492521,0.0,40.0
238.9,0.0,-34.25068338401312,-20.661333154665684,0.0,40.0
239.0,0.0,-34.28669202808449,-20.60152299640218,0.0,40.0
239.10000000000002,0.0,-34.32259622894579,-20.54165008232679,0.0,40.0
239.20000000000002,0.0,-34.358395877226585,-20.481714594822847,0.0,40.0
239.3,0.0,-34.39409086387494,-20.421716716464218,0.0,40.0
239.4,0.0,-34.42968108015775,-20.361656630014842,0.0,40.0
239.5,0.0,-34.46516641766103,-20.301534518428163,0.0,40.0
239.60000000000002,0.0,-34.5005467682903,-20.241350564846556,0.0,40.0
239.70000000000002,0.0,-34.535822024270864,-20.181104952600776,0.0,40.0
239.8,0.0,-34.57099207814818,-20.12079786520941,0.0,40.0
239.9,0.0,-34.60605682278817,-20.060429486378307,0.0,40.0
240.0,0.0,-34.641016151377535,-20.000000000000018,0.0,40.0
240.10000000000002,0.0,-34.67586995742412,-19.9395095901532,0.0,40.0
240.20000000000002,0.0,-34.71061813475714,-19.878958441102206,0.0,40.0
240.3,0.0,-34.74526057752765,-19.8183467372963,0.0,40.0
240.4,0.0,-34.77979718020876,-19.75767466336924,0.0,40.0
240.5,0.0,-34.814227837595986,-19.69694240413869,0.0,40.0
240.60000000000002,0.0,-34.848552444807595,-19.63615014460561,0.0,40.0
240.70000000000002,0.0,-34.882770897284836,-19.57529806995383,0.0,40.0
240.8,0.0,-34.916883090792396,-19.514386365549292,0.0,40.0
240.9,0.0,-34.95088892141862,-19.453415216939607,0.0,40.0
241.0,0.0,-34.98478828557584,-19.392384809853475,0.0,40.0
241.10000000000002,0.0,-35.018581080000715,-19.331295330200092,0.0,40.0
241.20000000000002,0.0,-35.052267201754546,-19.270146964068612,0.0,40.0
241.3,0.0,-35.08584654822355,-19.20893989772756,0.0,40.0
241.4,0.0,-35.11931901711922,-19.14767431762428,0.0,40.0
241.5,0.0,-35.15268450647861,-19.086350410384348,0.0,40.0
241.60000000000002,0.0,-35.185942914664665,-19.02496836281099,0.0,40.0
241.70000000000002,0.0,-35.21909414036649,-18.963528361884638,0.0,40.0
241.8,0.0,-35.25213808259969,-18.902030594762152,0.0,40.0
241.9,0.0,-35.28507464070672,-18.840475248776396,0.0,40.0
242.0,0.0,-35.31790371435708,-18.77886251143563,0.0,40.0
242.10000000000002,0.0,-35.350625203547736,-18.717192570422938,0.0,40.0
242.20000000000002,0.0,-35.383239008603354,-18.655465613595656,0.0,40.0
242.3,0.0,-35.41574503017663,-18.593681828984796,0.0,40.0
242.4,0.0,-35.44814316924858,-18.531841404794484,0.0,40.0
242.5,0.0,-35.48043332712886,-18.469944529401374,0.0,40.0
242.60000000000002,0.0,-35.51261540545606,-18.407991391354056,0.0,40.0
242.70000000000002,0.0,-35.54468930619795,-18.345982179372594,0.0,40.0
242.8,0.0,-35.5766549316519,-18.283917082347763,0.0,40.0
242.9,0.0,-35.60851218444506,-18.221796289340624,0.0,40.0
243.0,0.0,-35.640260967534715,-18.159619989581877,0.0,40.0
243.10000000000002,0.0,-35.67190118420857,-18.097388372471286,0.0,40.0
243.20000000000002,0.0,-35.70343273808503,-18.035101627577212,0.0,40.0
243.3,0.0,-35.73485553311351,-17.97275994463585,0.0,40.0
243.4,0.0,-35.766169473574735,-17.910363513550777,0.0,40.0
243.5,0.0,-35.797374464081,-17.847912524392346,0.0,40.0
243.60000000000002,0.0,-35.82847040957652,-17.785407167397096,0.0,40.0
243.70000000000002,0.0,-35.85945721533762,-17.722847632967188,0.0,40.0
243.8,0.0,-35.890334786973135,-17.660234111669812,0.0,40.0
243.9,0.0,-35.92110303042462,-17.597566794236613,0.0,40.0
244.0,0.0,-35.95176185196667,-17.53484587156311,0.0,40.0
244.10000000000002,0.0,-35.982311158207224,-17.472071534708075,0.0,40.0
244.20000000000002,0.0,-36.01275085608775,-17.40924397489309,0.0,40.0
244.3,0.0,-36.04308085288367,-17.346363383501767,0.0,40.0
244.4,0.0,-36.07330105620455,-17.28342995207929,0.0,40.0
244.5,0.0,-36.103411373994426,-17.220443872331806,0.0,40.0
244.60000000000002,0.0,-36.133411714532045,-17.15740533612581,0.0,40.0
244.70000000000002,0.0,-36.163301986431144,-17.094314535487673,0.0,40.0
244.8,0.0,-36.193082098640794,-17.031171662602887,0.0,40.0
244.9,0.0,-36.22275196044559,-16.96797690981559,0.0,40.0
245.0,0.0,-36.252311481466,-16.904730469627967,0.0,40.0
245.10000000000002,0.0,-36.2817605716586,-16.84143253469963,0.0,40.0
245.20000000000002,0.0,-36.31109914131635,-16.77808329784708,0.0,40.0
245.3,0.0,-36.34032710106887,-16.71468295204307,0.0,40.0
245.4,0.0,-36.36944436188274,-16.65123169041605,0.0,40.0
245.5,0.0,-36.39845083506172,-16.58772970624957,0.0,40.0
245.60000000000002,0.0,-36.42734643224709,-16.52417719298165,0.0,40.0
245.70000000000002,0.0,-36.456131065417814,-16.460574344204336,0.0,40.0
245.8,0.0,-36.48480464689093,-16.396921353662897,0.0,40.0
245.9,0.0,-36.51336708932172,-16.333218415255388,0.0,40.0
246.0,0.0,-36.54181830570404,-16.269465723032003,0.0,40.0
246.10000000000002,0.0,-36.570158209370554,-16.2056634711945,0.0,40.0
246.20000000000002,0.0,-36.59838671399299,-16.141811854095604,0.0,40.0
246.3,0.0,-36.62650373358244,-16.077911066238414,0.0,40.0
246.4,0.0,-36.65450918248958,-16.01396130227581,0.0,40.0
246.5,0.0,-36.682402975404955,-15.949962757009864,0.0,40.0
246.60000000000002,0.0,-36.71018502735925,-15.885915625391211,0.0,40.0
246.70000000000002,0.0,-36.737855253723495,-15.82182010251859,0.0,40.0
246.8,0.0,-36.76541357020938,-15.757676383638039,0.0,40.0
246.9,0.0,-36.79285989286951,-15.693484664142458,0.0,40.0
247.0,0.0,-36.82019413809761,-15.629245139570953,0.0,40.0
247.10000000000002,0.0,-36.84741622262886,-15.564958005608226,0.0,40.0
247.20000000000002,0.0,-36.87452606354003,-15.500623458084098,0.0,40.0
247.3,0.0,-36.901523578249865,-15.436241692972727,0.0,40.0
247.4,0.0,-36.92840868451924,-15.371812906392135,0.0,40.0
247.5,0.0,-36.95518130045147,-15.307337294603581,0.0,40.0
247.60000000000002,0.0,-36.98184134449253,-15.242815054010958,0.0,40.0
247.70000000000002,0.0,-37.00838873543128,-15.1782463811602,0.0,40.0
247.8,0.0,-37.03482339239979,-15.113631472738687,0.0,40.0
247.9,0.0,-37.06114523487349,-15.04897052557463,0.0,40.0
248.0,0.0,-37.08735418267149,-14.984263736636493,0.0,40.0
248.10000000000002,0.0,-37.11345015595681,-14.919511303032337,0.0,40.0
248.20000000000002,0.0,-37.13943307523655,-14.854713422009379,0.0,40.0
248.3,0.0,-37.16530286136225,-14.789870290953163,0.0,40.0
248.4,0.0,-37.19105943553006,-14.724982107387113,0.0,40.0
248.5,0.0,-37.21670271928098,-14.660049068971887,0.0,40.0
248.60000000000002,0.0,-37.24223263450113,-14.595071373504789,0.0,40.0
248.70000000000002,0.0,-37.26764910342196,-14.530049218919139,0.0,40.0
248.8,0.0,-37.292952048620485,-14.464982803283702,0.0,40.0
248.9,0.0,-37.31814139301956,-14.399872324802061,0.0,40.0
249.0,0.0,-37.34321705988806,-14.334717981812028,0.0,40.0
249.10000000000002,0.0,-37.368178972841186,-14.269519972784996,0.0,40.0
249.20000000000002,0.0,-37.393027055840584,-14.204278496325475,0.0,40.0
249.3,0.0,-37.417761233194696,-14.13899375117028,0.0,40.0
249.4,0.0,-37.44238142955893,-14.073665936188073,0.0,40.0
249.5,0.0,-37.466887569935906,-14.008295250378705,0.0,40.0
249.60000000000002,0.0,-37.49127957967567,-13.942881892872585,0.0,40.0
249.70000000000002,0.0,-37.51555738447591,-13.877426062930214,0.0,40.0
249.8,0.0,-37.53972091038224,-13.811927959941368,0.0,40.0
249.9,0.0,-37.56377008378837,-13.74638778342463,0.0,40.0
250.0,0.0,-37.58770483143634,-13.680805733026741,0.0,40.0
250.10000000000002,0.0,-37.61152508041676,-13.615182008522,0.0,40.0
250.20000000000002,0.0,-37.635230758169016,-13.549516809811655,0.0,40.0
250.3,0.0,-37.65882179248151,-13.483810336923288,0.0,40.0
250.4,0.0,-37.68229811149187,-13.418062790010207,0.0,40.0
250.5,0.0,-37.705659643687135,-13.35227436935085,0.0,40.0
250.60000000000002,0.0,-37.72890631790404,-13.286445275348115,0.0,40.0
250.70000000000002,0.0,-37.75203806332918,-13.220575708528909,0.0,40.0
250.8,0.0,-37.775054809499245,-13.15466586954332,0.0,40.0
250.9,0.0,-37.79795648630123,-13.088715959164151,0.0,40.0
251.0,0.0,-37.820743023972675,-13.022726178286266,0.0,40.0
251.10000000000002,0.0,-37.843414353101814,-12.95669672792598,0.0,40.0
251.20000000000002,0.0,-37.86597040462785,-12.89062780922045,0.0,40.0
251.3,0.0,-37.88841110984115,-12.824519623427062,0.0,40.0
251.4,0.0,-37.91073640038342,-12.758372371922814,0.0,40.0
251.5,0.0,-37.93294620824797,-12.692186256203705,0.0,40.0
251.60000000000002,0.0,-37.95504046577987,-12.62596147788409,0.0,40.0
251.70000000000002,0.0,-37.977019105676156,-12.559698238696193,0.0,40.0
251.8,0.0,-37.998882060986105,-12.493396740489299,0.0,40.0
251.9,0.0,-38.020629265111346,-12.427057185229273,0.0,40.0
252.0,0.0,-38.04226065180614,-12.360679774997902,0.0,40.0
252.10000000000002,0.0,-38.063776155177536,-12.294264711992259,0.0,40.0
252.20000000000002,0.0,-38.08517570968555,-12.227812198524209,0.0,40.0
252.3,0.0,-38.10645925014346,-12.161322437019598,0.0,40.0
252.4,0.0,-38.12762671171788,-12.094795630017769,0.0,40.0
252.5,0.0,-38.14867802992908,-12.028231980170919,0.0,40.0
252.60000000000002,0.0,-38.16961314065108,-11.961631690243465,0.0,40.0
252.70000000000002,0.0,-38.190431980111896,-11.89499496311144,0.0,40.0
252.8,0.0,-38.21113448489375,-11.828322001761872,0.0,40.0
252.9,0.0,-38.2317205919332,-11.76161300929217,0.0,40.0
253.0,0.0,-38.252190238521415,-11.694868188909485,0.0,40.0
253.10000000000002,0.0,-38.272543362304305,-11.628087743930083,0.0,40.0
253.20000000000002,0.0,-38.29277990128269,-11.561271877778852,0.0,40.0
253.3,0.0,-38.3128997938126,-11.494420793988473,0.0,40.0
253.4,0.0,-38.33290297860533,-11.42753469619894,0.0,40.0
253.5,0.0,-38.35278939472772,-11.360613788156906,0.0,40.0
253.60000000000002,0.0,-38.37255898160231,-11.293658273715028,0.0,40.0
253.70000000000002,0.0,-38.39221167900748,-11.226668356831485,0.0,40.0
253.8,0.0,-38.41174742707773,-11.159644241569149,0.0,40.0
253.9,0.0,-38.43116616630377,-11.092586132095095,0.0,40.0
254.0,0.0,-38.45046783753276,-11.025494232679955,0.0,40.0
254.10000000000002,0.0,-38.46965238196846,-10.95836874769729,0.0,40.0
254.20000000000002,0.0,-38.488719741171415,-10.89120988162297,0.0,40.0
254.3,0.0,-38.507669857059156,-10.824017839034546,0.0,40.0
254.4,0.0,-38.52650267190632,-10.756792824610633,0.0,40.0
254.5,0.0,-38.54521812834492,-10.689535043130283,0.0,40.0
254.60000000000002,0.0,-38.56381616936441,-10.62224469947233,0.0,40.0
254.70000000000002,0.0,-38.582296738311925,-10.5549219986149,0.0,40.0
254.8,0.0,-38.600659778892464,-10.487567145634575,0.0,40.0
254.9,0.0,-38.618905235169,-10.420180345705925,0.0,40.0
255.0,0.0,-38.63703305156273,-10.352761804100826,0.0,40.0
255.10000000000002,0.0,-38.65504317285317,-10.285311726187846,0.0,40.0
255.20000000000002,0.0,-38.67293554417837,-10.217830317431623,0.0,40.0
255.3,0.0,-38.69071011103507,-10.150317783392232,0.0,40.0
255.4,0.0,-38.708366819278844,-10.082774329724558,0.0,40.0
255.5,0.0,-38.725905615124304,-10.015200162177674,0.0,40.0
255.60000000000002,0.0,-38.74332644514525,-9.947595486594178,0.0,40.0
255.70000000000002,0.0,-38.76062925627478,-9.879960508909706,0.0,40.0
255.8,0.0,-38.77781399580555,-9.812295435152098,0.0,40.0
255.9,0.0,-38.79488061138987,-9.744600471440899,0.0,40.0
256.0,0.0,-38.81182905103986,-9.67687582398671,0.0,40.0
256.1,0.0,-38.82865926312763,-9.609121699090522,0.0,40.0
256.2,0.0,-38.845371196385436,-9.541338303143247,0.0,40.0
256.3,0.0,-38.86196479990585,-9.473525842624728,0.0,40.0
256.40000000000003,0.0,-38.87844002314185,-9.405684524103586,0.0,40.0
256.5,0.0,-38.894796815907064,-9.337814554236205,0.0,40.0
256.6,0.0,-38.911035128375865,-9.269916139766286,0.0,40.0
256.7,0.0,-38.927154911083534,-9.201989487524175,0.0,40.0
256.8,0.0,-38.94315611492641,-9.134034804426232,0.0,40.0
256.90000000000003,0.0,-38.95903869116207,-9.066052297474174,0.0,40.0
257.0,0.0,-38.97480259140941,-8.99804217375461,0.0,40.0
257.1,0.0,-38.990447767648874,-8.930004640438035,0.0,40.0
257.2,0.0,-39.00597417222252,-8.86193990477871,0.0,40.0
257.3,0.0,-39.02138175783427,-8.79384817411349,0.0,40.0
257.40000000000003,0.0,-39.0366704775499,-8.725729655861695,0.0,40.0
257.5,0.0,-39.051840284797336,-8.657584557524112,0.0,40.0
257.6,0.0,-39.06689113336672,-8.58941308668253,0.0,40.0
257.7,0.0,-39.081822977410546,-8.521215450999069,0.0,40.0
257.8,0.0,-39.096635771443836,-8.452991858215556,0.0,40.0
257.90000000000003,0.0,-39.11132947034425,-8.384742516152851,0.0,40.0
258.0,0.0,-39.12590402935222,-8.316467632710392,0.0,40.0
258.1,0.0,-39.140359404071134,-8.248167415865172,0.0,40.0
258.2,0.0,-39.154695550467395,-8.17984207367164,0.0,40.0
258.3,0.0,-39.168912424870626,-8.111491814260495,0.0,40.0
258.40000000000003,0.0,-39.18300998397377,-8.043116845838552,0.0,40.0
258.5,0.0,-39.19698818483318,-7.974717376687892,0.0,40.0
258.6,0.0,-39.21084698486888,-7.906293615165021,0.0,40.0
258.7,0.0,-39.22458634186452,-7.837845769700721,0.0,40.0
258.8,0.0,-39.238206213967665,-7.769374048798862,0.0,40.0
258.90000000000003,0.0,-39.25170655968981,-7.700878661036285,0.0,40.0
259.0,0.0,-39.26508733790656,-7.632359815061784,0.0,40.0
259.1,0.0,-39.27834850785774,-7.563817719595648,0.0,40.0
259.2,0.0,-39.291490029147546,-7.495252583428985,0.0,40.0
259.3,0.0,-39.30451186174461,-7.426664615423092,0.0,40.0
259.40000000000003,0.0,-39.317413965982176,-7.35805402450878,0.0,40.0
259.5,0.0,-39.33019630255818,-7.289421019685911,0.0,40.0
259.6,0.0,-39.34285883253544,-7.220765810022382,0.0,40.0
259.7,0.0,-39.35540151734166,-7.152088604654006,0.0,40.0
259.8,0.0,-39.36782431876968,-7.083389612783323,0.0,40.0
259.90000000000003,0.0,-39.38012719897747,-7.014669043679479,0.0,40.0
260.0,0.0,-39.39231012048832,-6.945927106677213,0.0,40.0
260.1,0.0,-39.404373046190955,-6.877164011176386,0.0,40.0
260.2,0.0,-39.416315939339604,-6.8083799666413105,0.0,40.0
260.3,0.0,-39.428138763554145,-6.739575182600116,0.0,40.0
260.40000000000003,0.0,-39.4398414828202,-6.670749868644073,0.0,40.0
260.5,0.0,-39.451424061489256,-6.601904234427092,0.0,40.0
260.6,0.0,-39.46288646427878,-6.53303848966488,0.0,40.0
260.7,0.0,-39.474228656272295,-6.46415284413444,0.0,40.0
260.8,0.0,-39.485450602919514,-6.395247507673393,0.0,40.0
260.90000000000003,0.0,-39.49655227003646,-6.326322690179309,0.0,40.0
261.0,0.0,-39.50753362380551,-6.257378601609242,0.0,40.0
261.1,0.0,-39.51839463077557,-6.188415451978701,0.0,40.0
261.2,0.0,-39.52913525786211,-6.119433451361537,0.0,40.0
261.3,0.0,-39.539755472347345,-6.050432809888752,0.0,40.0
261.40000000000003,0.0,-39.55025524188024,-5.98141373774837,0.0,40.0
261.5,0.0,-39.56063453447668,-5.912376445184418,0.0,40.0
261.6,0.0,-39.57089331851953,-5.843321142496462,0.0,40.0
261.7,0.0,-39.58103156275878,-5.77424804003893,0.0,40.0
261.8,0.0,-39.591049236311555,-5.705157348220472,0.0,40.0
261.90000000000003,0.0,-39.60094630866231,-5.636049277503282,0.0,40.0
262.0,0.0,-39.61072274966281,-5.566924038402633,0.0,40.0
262.1,0.0,-39.62037852953236,-5.497781841485851,0.0,40.0
262.2,0.0,-39.62991361885774,-5.4286228973721995,0.0,40.0
262.3,0.0,-39.63932798859345,-5.359447416731675,0.0,40.0
262.40000000000003,0.0,-39.64862161006167,-5.290255610284894,0.0,40.0
262.5,0.0,-39.657794454952416,-5.221047688802065,0.0,40.0
262.6,0.0,-39.66684649532362,-5.151823863102481,0.0,40.0
262.7,0.0,-39.675777703601184,-5.082584344054029,0.0,40.0
262.8,0.0,-39.684588052579116,-5.013329342572149,0.0,40.0
262.90000000000003,0.0,-39.69327751541955,-4.9440590696196915,0.0,40.0
263.0,0.0,-39.70184606565289,-4.874773736205887,0.0,40.0
263.1,0.0,-39.71029367717782,-4.805473553385876,0.0,40.0
263.2,0.0,-39.71862032426148,-4.736158732260034,0.0,40.0
263.3,0.0,-39.72682598153944,-4.666829483973327,0.0,40.0
263.40000000000003,0.0,-39.73491062401586,-4.597486019714633,0.0,40.0
263.5,0.0,-39.742874227063496,-4.528128550716278,0.0,40.0
263.6,0.0,-39.75071676642386,-4.458757288252997,0.0,40.0
263.7,0.0,-39.75843821820718,-4.389372443641829,0.0,40.0
263.8,0.0,-39.76603855889262,-4.319974228240901,0.0,40.0
263.90000000000003,0.0,-39.77351776532819,-4.25056285344932,0.0,40.0
264.0,0.0,-39.78087581473093,-4.181138530706134,0.0,40.0
264.1,0.0,-39.78811268468697,-4.111701471489872,0.0,40.0
264.2,0.0,-39.79522835315153,-4.042251887317859,0.0,40.0
264.3,0.0,-39.80222279844905,-3.9727899897455687,0.0,40.0
264.40000000000003,0.0,-39.80909599927325,-3.9033159903659564,0.0,40.0
264.5,0.0,-39.81584793468715,-3.8338301008089766,0.0,40.0
264.6,0.0,-39.8224785841232,-3.764332532740559,0.0,40.0
264.7,0.0,-39.82898792738328,-3.694823497862489,0.0,40.0
264.8,0.0,-39.83537594463881,-3.625303207911201,0.0,40.0
264.90000000000003,0.0,-39.84164261643079,-3.5557718746576246,0.0,40.0
265.0,0.0,-39.84778792366982,-3.48622970990633,0.0,40.0
265.1,0.0,-39.85381184763626,-3.416676925494671,0.0,40.0
265.2,0.0,-39.85971436998017,-3.3471137332926313,0.0,40.0
265.3,0.0,-39.86549547272146,-3.2775403452016176,0.0,40.0
265.40000000000003,0.0,-39.87115513824989,-3.2079569731543423,0.0,40.0
265.5,0.0,-39.876693349325116,-3.1383638291137874,0.0,40.0
265.6,0.0,-39.88211008907681,-3.06876112507274,0.0,40.0
265.7,0.0,-39.88740534100463,-2.9991490730531063,0.0,40.0
265.8,0.0,-39.89257908897832,-2.92952788510527,0.0,40.0
265.90000000000003,0.0,-39.89763131723776,-2.8598977733074085,0.0,40.0
266.0,0.0,-39.90256201039297,-2.790258949765023,0.0,40.0
266.1,0.0,-39.90737115342421,-2.720611626609907,0.0,40.0
266.2,0.0,-39.912058731681995,-2.6509560160000256,0.0,40.0
266.3,0.0,-39.91662473088716,-2.5812923301183077,0.0,40.0
266.40000000000003,0.0,-39.921069137130864,-2.511620781172528,0.0,40.0
266.5,0.0,-39.92539193687468,-2.441941581394272,0.0,40.0
266.6,0.0,-39.92959311695061,-2.3722549430384667,0.0,40.0
266.7,0.0,-39.93367266456113,-2.3025610783826975,0.0,40.0
266.8,0.0,-39.93763056727924,-2.2328601997265625,0.0,40.0
266.90000000000003,0.0,-39.94146681304847,-2.163152519390991,0.0,40.0
267.0,0.0,-39.94518139018295,-2.093438249717772,0.0,40.0
267.1,0.0,-39.94877428736745,-2.0237176030685204,0.0,40.0
267.2,0.0,-39.95224549365736,-1.9539907918245583,0.0,40.0
267.3,0.0,-39.9555949984788,-1.884258028385703,0.0,40.0
267.40000000000003,0.0,-39.95882279162859,-1.8145195251701165,0.0,40.0
267.5,0.0,-39.96192886327431,-1.7447754946134453,0.0,40.0
267.6,0.0,-39.96491320395434,-1.6750261491679594,0.0,40.0
267.7,0.0,-39.96777580457784,-1.6052717013024032,0.0,40.0
267.8,0.0,-39.97051665642485,-1.5355123635007804,0.0,40.0
267.90000000000003,0.0,-39.97313575114625,-1.4657483482622382,0.0,40.0
268.0,0.0,-39.97563308076383,-1.3959798681000304,0.0,40.0
268.1,0.0,-39.978008637670285,-1.326207135541047,0.0,40.0
268.2,0.0,-39.980262414629266,-1.256430363125132,0.0,40.0
268.3,0.0,-39.98239440477536,-1.1866497634044348,0.0,40.0
268.40000000000003,0.0,-39.98440460161417,-1.1168655489427286,0.0,40.0
268.5,0.0,-39.98629299902229,-1.0470779323149393,0.0,40.0
268.6,0.0,-39.98805959124732,-0.977287126106108,0.0,40.0
268.7,0.0,-39.98970437290793,-0.9074933429112763,0.0,40.0
268.8,0.0,-39.99122733899382,-0.8376967953342691,0.0,40.0
268.90000000000003,0.0,-39.99262848486577,-0.7678976959875817,0.0,40.0
269.0,0.0,-39.99390780625565,-0.6980962574913399,0.0,40.0
269.1,0.0,-39.99506529926642,-0.6282926924728307,0.0,40.0
269.2,0.0,-39.99610096037217,-0.558487213565819,0.0,40.0
269.3,0.0,-39.99701478641808,-0.48868003340989924,0.0,40.0
269.40000000000003,0.0,-39.997806774620486,-0.418871364649813,0.0,40.0
269.5,0.0,-39.99847692256685,-0.349061419934943,0.0,40.0
269.6,0.0,-39.99902522821579,-0.27925041191845207,0.0,40.0
269.7,0.0,-39.99945168989707,-0.20943855325677752,0.0,40.0
269.8,0.0,-39.99975630631162,-0.13962605660894795,0.0,40.0
269.90000000000003,0.0,-39.999939076531504,-0.06981313463589983,0.0,40.0
270.0,0.0,-40.0,-7.347880794884118e-15,0.0,40.0
270.1,0.0,-39.999939076531504,0.06981313463595619,0.0,40.0
270.2,0.0,-39.99975630631162,0.13962605660893326,0.0,40.0
270.3,0.0,-39.99945168989707,0.20943855325679833,0.0,40.0
270.40000000000003,0.0,-39.99902522821579,0.2792504119184729,0.0,40.0
270.5,0.0,-39.99847692256685,0.34906141993496387,0.0,40.0
270.6,0.0,-39.997806774620486,0.4188713646498338,0.0,40.0
270.7,0.0,-39.99701478641808,0.48868003340988453,0.0,40.0
270.8,0.0,-39.99610096037217,0.5584872135658043,0.0,40.0
270.90000000000003,0.0,-39.99506529926642,0.6282926924728516,0.0,40.0
271.0,0.0,-39.99390780625565,0.6980962574913252,0.0,40.0
271.1,0.0,-39.99262848486577,0.7678976959876026,0.0,40.0
271.2,0.0,-39.99122733899382,0.8376967953342545,0.0,40.0
271.3,0.0,-39.98970437290793,0.9074933429112615,0.0,40.0
271.40000000000003,0.0,-39.98805959124732,0.977287126106129,0.0,40.0
271.5,0.0,-39.98629299902229,1.0470779323149246,0.0,40.0
271.6,0.0,-39.98440460161417,1.116865548942785,0.0,40.0
271.7,0.0,-39.98239440477536,1.1866497634044202,0.0,40.0
271.8,0.0,-39.98026241462926,1.2564303631251528,0.0,40.0
271.90000000000003,0.0,-39.978008637670285,1.3262071355410678,0.0,40.0
272.0,0.0,-39.97563308076383,1.3959798681000513,0.0,40.0
272.1,0.0,-39.97313575114625,1.465748348262259,0.0,40.0
272.2,0.0,-39.97051665642485,1.5355123635008012,0.0,40.0
272.3,0.0,-39.96777580457784,1.6052717013023885,0.0,40.0
272.40000000000003,0.0,-39.96491320395433,1.6750261491680156,0.0,40.0
272.5,0.0,-39.96192886327431,1.7447754946134306,0.0,40.0
272.6,0.0,-39.958822791628585,1.814519525170173,0.0,40.0
272.7,0.0,-39.9555949984788,1.8842580283856882,0.0,40.0
272.8,0.0,-39.95224549365736,1.9539907918245436,0.0,40.0
272.90000000000003,0.0,-39.94877428736744,2.0237176030685413,0.0,40.0
273.0,0.0,-39.94518139018295,2.093438249717758,0.0,40.0
273.1,0.0,-39.94146681304847,2.1631525193910117,0.0,40.0
273.2,0.0,-39.93763056727924,2.232860199726548,0.0,40.0
273.3,0.0,-39.93367266456113,2.302561078382683,0.0,40.0
273.40000000000003,0.0,-39.929593116950606,2.3722549430384876,0.0,40.0
273.5,0.0,-39.92539193687468,2.4419415813942575,0.0,40.0
273.6,0.0,-39.921069137130864,2.5116207811725486,0.0,40.0
273.7,0.0,-39.91662473088716,2.5812923301182926,0.0,40.0
273.8,0.0,-39.912058731681995,2.6509560160000105,0.0,40.0
273.90000000000003,0.0,-39.90737115342421,2.720611626609963,0.0,40.0
274.0,0.0,-39.90256201039297,2.7902589497650085,0.0,40.0
274.1,0.0,-39.89763131723776,2.8598977733074644,0.0,40.0
274.2,0.0,-39.89257908897832,2.929527885105255,0.0,40.0
274.3,0.0,-39.88740534100463,2.9991490730531267,0.0,40.0
274.40000000000003,0.0,-39.88211008907681,3.0687611250727604,0.0,40.0
274.5,0.0,-39.876693349325116,3.1383638291138083,0.0,40.0
274.6,0.0,-39.87115513824988,3.2079569731543627,0.0,40.0
274.7,0.0,-39.86549547272146,3.277540345201639,0.0,40.0
274.8,0.0,-39.859714369980175,3.347113733292617,0.0,40.0
274.90000000000003,0.0,-39.85381184763626,3.416676925494727,0.0,40.0
275.0,0.0,-39.84778792366982,3.4862297099063158,0.0,40.0
275.1,0.0,-39.84164261643078,3.5557718746576805,0.0,40.0
275.2,0.0,-39.83537594463882,3.6253032079111858,0.0,40.0
275.3,0.0,-39.82898792738328,3.6948234978624743,0.0,40.0
275.40000000000003,0.0,-39.8224785841232,3.7643325327405797,0.0,40.0
275.5,0.0,-39.815847934687156,3.833830100808962,0.0,40.0
275.6,0.0,-39.80909599927325,3.903315990365977,0.0,40.0
275.7,0.0,-39.80222279844905,3.9727899897455545,0.0,40.0
275.8,0.0,-39.79522835315153,4.0422518873178435,0.0,40.0
275.90000000000003,0.0,-39.788112684686965,4.111701471489893,0.0,40.0
276.0,0.0,-39.78087581473093,4.18113853070612,0.0,40.0
276.1,0.0,-39.77351776532818,4.25056285344934,0.0,40.0
276.2,0.0,-39.76603855889262,4.319974228240886,0.0,40.0
276.3,0.0,-39.75843821820719,4.389372443641814,0.0,40.0
276.40000000000003,0.0,-39.75071676642385,4.458757288253053,0.0,40.0
276.5,0.0,-39.7428742270635,4.528128550716263,0.0,40.0
276.6,0.0,-39.73491062401585,4.59748601971469,0.0,40.0
276.7,0.0,-39.72682598153944,4.666829483973313,0.0,40.0
276.8,0.0,-39.71862032426148,4.736158732260055,0.0,40.0
276.90000000000003,0.0,-39.71029367717782,4.805473553385896,0.0,40.0
277.0,0.0,-39.70184606565288,4.874773736205907,0.0,40.0
277.1,0.0,-39.693277515419545,4.944059069619712,0.0,40.0
277.2,0.0,-39.684588052579116,5.0133293425721694,0.0,40.0
277.3,0.0,-39.675777703601184,5.082584344054014,0.0,40.0
277.40000000000003,0.0,-39.66684649532362,5.151823863102538,0.0,40.0
277.5,0.0,-39.65779445495242,5.2210476888020505,0.0,40.0
277.6,0.0,-39.64862161006167,5.290255610284915,0.0,40.0
277.7,0.0,-39.63932798859346,5.359447416731661,0.0,40.0
277.8,0.0,-39.62991361885774,5.428622897372184,0.0,40.0
277.90000000000003,0.0,-39.62037852953235,5.497781841485871,0.0,40.0
278.0,0.0,-39.61072274966281,5.566924038402618,0.0,40.0
278.1,0.0,-39.6009463086623,5.636049277503302,0.0,40.0
278.2,0.0,-39.59104923631156,5.705157348220458,0.0,40.0
278.3,0.0,-39.58103156275878,5.774248040038916,0.0,40.0
278.40000000000003,0.0,-39.57089331851953,5.843321142496483,0.0,40.0
278.5,0.0,-39.56063453447668,5.912376445184439,0.0,40.0
278.6,0.0,-39.55025524188023,5.981413737748391,0.0,40.0
278.7,0.0,-39.539755472347345,6.050432809888774,0.0,40.0
278.8,0.0,-39.52913525786211,6.119433451361523,0.0,40.0
278.90000000000003,0.0,-39.51839463077556,6.188415451978756,0.0,40.0
279.0,0.0,-39.507533623805514,6.257378601609227,0.0,40.0
279.1,0.0,-39.49655227003645,6.3263226901793645,0.0,40.0
279.2,0.0,-39.48545060291952,6.395247507673378,0.0,40.0
279.3,0.0,-39.47422865627229,6.46415284413446,0.0,40.0
279.40000000000003,0.0,-39.462886464278775,6.533038489664901,0.0,40.0
279.5,0.0,-39.451424061489256,6.601904234427112,0.0,40.0
279.6,0.0,-39.43984148282019,6.6707498686440925,0.0,40.0
279.7,0.0,-39.428138763554145,6.739575182600102,0.0,40.0
279.8,0.0,-39.41631593933961,6.808379966641295,0.0,40.0
279.90000000000003,0.0,-39.404373046190955,6.877164011176405,0.0,40.0
280.0,0.0,-39.392310120488325,6.945927106677199,0.0,40.0
280.1,0.0,-39.38012719897746,7.0146690436795005,0.0,40.0
280.2,0.0,-39.36782431876968,7.083389612783307,0.0,40.0
280.3,0.0,-39.35540151734166,7.152088604653991,0.0,40.0
280.40000000000003,0.0,-39.34285883253543,7.220765810022437,0.0,40.0
280.5,0.0,-39.330196302558186,7.289421019685896,0.0,40.0
280.6,0.0,-39.31741396598216,7.358054024508835,0.0,40.0
280.7,0.0,-39.30451186174461,7.4266646154230775,0.0,40.0
280.8,0.0,-39.291490029147546,7.495252583429005,0.0,40.0
280.90000000000003,0.0,-39.27834850785774,7.563817719595668,0.0,40.0
281.0,0.0,-39.26508733790656,7.632359815061804,0.0,40.0
281.1,0.0,-39.25170655968981,7.700878661036306,0.0,40.0
281.2,0.0,-39.23820621396766,7.769374048798882,0.0,40.0
281.3,0.0,-39.22458634186452,7.8378457697007065,0.0,40.0
281.40000000000003,0.0,-39.210846984868866,7.906293615165075,0.0,40.0
281.5,0.0,-39.19698818483319,7.974717376687877,0.0,40.0
281.6,0.0,-39.18300998397376,8.043116845838608,0.0,40.0
281.7,0.0,-39.16891242487063,8.111491814260482,0.0,40.0
281.8,0.0,-39.1546955504674,8.179842073671626,0.0,40.0
281.90000000000003,0.0,-39.140359404071134,8.248167415865193,0.0,40.0
282.0,0.0,-39.12590402935222,8.316467632710378,0.0,40.0
282.1,0.0,-39.111329470344245,8.384742516152873,0.0,40.0
282.2,0.0,-39.096635771443836,8.452991858215542,0.0,40.0
282.3,0.0,-39.081822977410546,8.521215450999055,0.0,40.0
282.40000000000003,0.0,-39.06689113336671,8.58941308668255,0.0,40.0
282.5,0.0,-39.051840284797336,8.657584557524098,0.0,40.0
282.6,0.0,-39.03667047754989,8.725729655861716,0.0,40.0
282.7,0.0,-39.02138175783427,8.793848174113476,0.0,40.0
282.8,0.0,-39.00597417222252,8.861939904778698,0.0,40.0
282.90000000000003,0.0,-38.99044776764886,8.930004640438089,0.0,40.0
283.0,0.0,-38.97480259140941,8.998042173754596,0.0,40.0
283.1,0.0,-38.95903869116206,9.06605229747423,0.0,40.0
283.2,0.0,-38.94315611492641,9.134034804426218,0.0,40.0
283.3,0.0,-38.92715491108353,9.201989487524195,0.0,40.0
283.40000000000003,0.0,-38.91103512837586,9.269916139766307,0.0,40.0
283.5,0.0,-38.894796815907064,9.337814554236227,0.0,40.0
283.6,0.0,-38.87844002314185,9.405684524103606,0.0,40.0
283.7,0.0,-38.86196479990585,9.473525842624749,0.0,40.0
283.8,0.0,-38.84537119638544,9.541338303143231,0.0,40.0
283.90000000000003,0.0,-38.82865926312762,9.609121699090576,0.0,40.0
284.0,0.0,-38.811829051039865,9.676875823986698,0.0,40.0
284.1,0.0,-38.794880611389864,9.74460047144092,0.0,40.0
284.2,0.0,-38.77781399580556,9.812295435152084,0.0,40.0
284.3,0.0,-38.76062925627478,9.879960508909726,0.0,40.0
284.40000000000003,0.0,-38.74332644514524,9.947595486594198,0.0,40.0
284.5,0.0,-38.72590561512431,10.015200162177658,0.0,40.0
284.6,0.0,-38.70836681927885,10.082774329724543,0.0,40.0
284.7,0.0,-38.690710111035074,10.15031778339222,0.0,40.0
284.8,0.0,-38.67293554417838,10.217830317431611,0.0,40.0
284.90000000000003,0.0,-38.65504317285317,10.285311726187867,0.0,40.0
285.0,0.0,-38.63703305156274,10.352761804100812,0.0,40.0
285.1,0.0,-38.618905235168995,10.420180345705944,0.0,40.0
285.2,0.0,-38.600659778892464,10.487567145634562,0.0,40.0
285.3,0.0,-38.582296738311925,10.554921998614919,0.0,40.0
285.40000000000003,0.0,-38.563816169364394,10.622244699472386,0.0,40.0
285.5,0.0,-38.54521812834492,10.68953504313027,0.0,40.0
285.6,0.0,-38.52650267190632,10.756792824610653,0.0,40.0
285.7,0.0,-38.507669857059156,10.824017839034532,0.0,40.0
285.8,0.0,-38.48871974117141,10.89120988162299,0.0,40.0
285.90000000000003,0.0,-38.46965238196845,10.95836874769731,0.0,40.0
286.0,0.0,-38.45046783753275,11.025494232679975,0.0,40.0
286.1,0.0,-38.43116616630376,11.092586132095114,0.0,40.0
286.2,0.0,-38.41174742707772,11.159644241569168,0.0,40.0
286.3,0.0,-38.392211679007474,11.226668356831507,0.0,40.0
286.40000000000003,0.0,-38.37255898160229,11.293658273715083,0.0,40.0
286.5,0.0,-38.35278939472773,11.360613788156893,0.0,40.0
286.6,0.0,-38.332902978605325,11.42753469619896,0.0,40.0
286.7,0.0,-38.3128997938126,11.494420793988457,0.0,40.0
286.8,0.0,-38.29277990128269,11.561271877778871,0.0,40.0
286.90000000000003,0.0,-38.2725433623043,11.628087743930102,0.0,40.0
287.0,0.0,-38.252190238521415,11.694868188909469,0.0,40.0
287.1,0.0,-38.231720591933204,11.761613009292153,0.0,40.0
287.2,0.0,-38.21113448489375,11.82832200176186,0.0,40.0
287.3,0.0,-38.1904319801119,11.894994963111428,0.0,40.0
287.40000000000003,0.0,-38.169613140651066,11.961631690243484,0.0,40.0
287.5,0.0,-38.14867802992907,12.028231980170938,0.0,40.0
287.6,0.0,-38.12762671171788,12.094795630017789,0.0,40.0
287.7,0.0,-38.106459250143445,12.161322437019617,0.0,40.0
287.8,0.0,-38.08517570968555,12.227812198524228,0.0,40.0
287.90000000000003,0.0,-38.06377615517752,12.294264711992312,0.0,40.0
288.0,0.0,-38.042260651806146,12.36067977499789,0.0,40.0
288.1,0.0,-38.020629265111346,12.427057185229293,0.0,40.0
288.2,0.0,-37.998882060986105,12.493396740489287,0.0,40.0
288.3,0.0,-37.97701910567615,12.55969823869621,0.0,40.0
288.40000000000003,0.0,-37.95504046577986,12.62596147788411,0.0,40.0
288.5,0.0,-37.93294620824797,12.69218625620369,0.0,40.0
288.6,0.0,-37.91073640038343,12.7583723719228,0.0,40.0
288.7,0.0,-37.88841110984115,12.824519623427049,0.0,40.0
288.8,0.0,-37.86597040462786,12.890627809220437,0.0,40.0
288.90000000000003,0.0,-37.84341435310181,12.956696727926001,0.0,40.0
289.0,0.0,-37.82074302397268,13.022726178286252,0.0,40.0
289.1,0.0,-37.79795648630123,13.088715959164173,0.0,40.0
289.2,0.0,-37.77505480949925,13.154665869543308,0.0,40.0
289.3,0.0,-37.752038063329174,13.220575708528928,0.0,40.0
289.40000000000003,0.0,-37.72890631790403,13.286445275348168,0.0,40.0
289.5,0.0,-37.705659643687135,13.352274369350836,0.0,40.0
289.6,0.0,-37.68229811149186,13.418062790010229,0.0,40.0
289.7,0.0,-37.658821792481525,13.483810336923273,0.0,40.0
289.8,0.0,-37.635230758169016,13.549516809811674,0.0,40.0
289.90000000000003,0.0,-37.61152508041675,13.61518200852202,0.0,40.0
290.0,0.0,-37.587704831436334,13.680805733026759,0.0,40.0
290.1,0.0,-37.56377008378836,13.74638778342465,0.0,40.0
290.2,0.0,-37.539720910382236,13.811927959941388,0.0,40.0
290.3,0.0,-37.515557384475905,13.877426062930233,0.0,40.0
290.40000000000003,0.0,-37.49127957967565,13.942881892872636,0.0,40.0
290.5,0.0,-37.466887569935906,14.008295250378689,0.0,40.0
290.6,0.0,-37.44238142955892,14.073665936188092,0.0,40.0
290.7,0.0,-37.417761233194696,14.138993751170268,0.0,40.0
290.8,0.0,-37.39302705584058,14.204278496325493,0.0,40.0
290.90000000000003,0.0,-37.36817897284118,14.269519972785016,0.0,40.0
291.0,0.0,-37.34321705988807,14.334717981812016,0.0,40.0
291.1,0.0,-37.31814139301956,14.399872324802047,0.0,40.0
291.2,0.0,-37.29295204862049,14.464982803283688,0.0,40.0
291.3,0.0,-37.26764910342196,14.530049218919125,0.0,40.0
291.40000000000003,0.0,-37.24223263450112,14.595071373504807,0.0,40.0
291.5,0.0,-37.21670271928099,14.660049068971874,0.0,40.0
291.6,0.0,-37.19105943553005,14.724982107387131,0.0,40.0
291.7,0.0,-37.16530286136226,14.789870290953148,0.0,40.0
291.8,0.0,-37.13943307523654,14.854713422009398,0.0,40.0
291.90000000000003,0.0,-37.113450155956784,14.919511303032388,0.0,40.0
292.0,0.0,-37.0873541826715,14.984263736636478,0.0,40.0
292.1,0.0,-37.061145234873486,15.04897052557465,0.0,40.0
292.2,0.0,-37.034823392399794,15.113631472738673,0.0,40.0
292.3,0.0,-37.008388735431275,15.178246381160221,0.0,40.0
292.40000000000003,0.0,-36.98184134449252,15.242815054010975,0.0,40.0
292.5,0.0,-36.955181300451464,15.3073372946036,0.0,40.0
292.6,0.0,-36.92840868451923,15.371812906392154,0.0,40.0
292.7,0.0,-36.90152357824986,15.436241692972745,0.0,40.0
292.8,0.0,-36.87452606354002,15.500623458084116,0.0,40.0
292.90000000000003,0.0,-36.84741622262884,15.564958005608275,0.0,40.0
293.0,0.0,-36.82019413809762,15.62924513957094,0.0,40.0
293.1,0.0,-36.7928598928695,15.693484664142476,0.0,40.0
293.2,0.0,-36.76541357020938,15.757676383638026,0.0,40.0
293.3,0.0,-36.73785525372348,15.821820102518608,0.0,40.0
293.40000000000003,0.0,-36.710185027359245,15.88591562539123,0.0,40.0
293.5,0.0,-36.68240297540496,15.94996275700985,0.0,40.0
293.6,0.0,-36.65450918248958,16.013961302275796,0.0,40.0
293.7,0.0,-36.626503733582446,16.0779110662384,0.0,40.0
293.8,0.0,-36.598386713992994,16.141811854095593,0.0,40.0
293.90000000000003,0.0,-36.57015820937054,16.20566347119452,0.0,40.0
294.0,0.0,-36.54181830570404,16.269465723031992,0.0,40.0
294.1,0.0,-36.51336708932171,16.333218415255406,0.0,40.0
294.2,0.0,-36.48480464689093,16.396921353662883,0.0,40.0
294.3,0.0,-36.45613106541781,16.460574344204353,0.0,40.0
294.40000000000003,0.0,-36.42734643224707,16.524177192981703,0.0,40.0
294.5,0.0,-36.39845083506173,16.587729706249558,0.0,40.0
294.6,0.0,-36.369444361882735,16.651231690416072,0.0,40.0
294.7,0.0,-36.34032710106888,16.714682952043056,0.0,40.0
294.8,0.0,-36.31109914131634,16.7780832978471,0.0,40.0
294.90000000000003,0.0,-36.281760571658594,16.841432534699653,0.0,40.0
295.0,0.0,-36.252311481465995,16.904730469627985,0.0,40.0
295.1,0.0,-36.22275196044558,16.96797690981561,0.0,40.0
295.2,0.0,-36.19308209864079,17.031171662602905,0.0,40.0
295.3,0.0,-36.16330198643114,17.09431453548769,0.0,40.0
295.40000000000003,0.0,-36.133411714532016,17.15740533612586,0.0,40.0
295.5,0.0,-36.10341137399443,17.220443872331792,0.0,40.0
295.6,0.0,-36.07330105620454,17.28342995207931,0.0,40.0
295.7,0.0,-36.04308085288367,17.346363383501753,0.0,40.0
295.8,0.0,-36.012750856087735,17.40924397489311,0.0,40.0
295.90000000000003,0.0,-35.98231115820721,17.472071534708093,0.0,40.0
296.0,0.0,-35.95176185196668,17.534845871563096,0.0,40.0
296.1,0.0,-35.921103030424625,17.597566794236602,0.0,40.0
296.2,0.0,-35.89033478697314,17.6602341116698,0.0,40.0
296.3,0.0,-35.85945721533763,17.722847632967177,0.0,40.0
296.40000000000003,0.0,-35.82847040957651,17.785407167397118,0.0,40.0
296.5,0.0,-35.797374464080995,17.847912524392363,0.0,40.0
296.6,0.0,-35.76616947357473,17.910363513550795,0.0,40.0
296.7,0.0,-35.734855533113496,17.972759944635868,0.0,40.0
296.8,0.0,-35.70343273808502,18.03510162757723,0.0,40.0
296.90000000000003,0.0,-35.67190118420855,18.097388372471336,0.0,40.0
297.0,0.0,-35.64026096753472,18.159619989581866,0.0,40.0
297.1,0.0,-35.608512184445054,18.22179628934064,0.0,40.0
297.2,0.0,-35.57665493165191,18.283917082347752,0.0,40.0
297.3,0.0,-35.544689306197945,18.345982179372612,0.0,40.0
297.40000000000003,0.0,-35.512615405456046,18.407991391354074,0.0,40.0
297.5,0.0,-35.480433327128864,18.469944529401364,0.0,40.0
297.6,0.0,-35.44814316924859,18.53184140479447,0.0,40.0
297.7,0.0,-35.41574503017664,18.59368182898478,0.0,40.0
297.8,0.0,-35.38323900860336,18.65546561359564,0.0,40.0
297.90000000000003,0.0,-35.35062520354772,18.717192570422956,0.0,40.0
298.0,0.0,-35.31790371435709,18.778862511435616,0.0,40.0
298.1,0.0,-35.2850746407067,18.840475248776414,0.0,40.0
298.2,0.0,-35.2521380825997,18.902030594762138,0.0,40.0
298.3,0.0,-35.21909414036648,18.963528361884656,0.0,40.0
298.40000000000003,0.0,-35.18594291466464,19.024968362811045,0.0,40.0
298.5,0.0,-35.152684506478614,19.086350410384334,0.0,40.0
298.6,0.0,-35.11931901711921,19.147674317624297,0.0,40.0
298.7,0.0,-35.08584654822356,19.208939897727547,0.0,40.0
298.8,0.0,-35.05226720175453,19.27014696406863,0.0,40.0
298.90000000000003,0.0,-35.01858108000071,19.33129533020011,0.0,40.0
299.0,0.0,-34.984788285575824,19.392384809853493,0.0,40.0
299.1,0.0,-34.9508889214186,19.453415216939625,0.0,40.0
299.2,0.0,-34.91688309079238,19.51438636554931,0.0,40.0
299.3,0.0,-34.88277089728483,19.57529806995385,0.0,40.0
299.40000000000003,0.0,-34.84855244480756,19.636150144605658,0.0,40.0
299.5,0.0,-34.81422783759599,19.696942404138674,0.0,40.0
299.6,0.0,-34.77979718020875,19.757674663369258,0.0,40.0
299.7,0.0,-34.74526057752766,19.818346737296288,0.0,40.0
299.8,0.0,-34.710618134757134,19.878958441102224,0.0,40.0
299.90000000000003,0.0,-34.675869957424105,19.939509590153218,0.0,40.0
300.0,0.0,-34.64101615137754,20.000000000000004,0.0,40.0
300.1,0.0,-34.60605682278818,20.060429486378297,0.0,40.0
300.2,0.0,-34.570992078148194,20.120797865209397,0.0,40.0
300.3,0.0,-34.53582202427087,20.181104952600762,0.0,40.0
300.40000000000003,0.0,-34.500546768290285,20.24135056484657,0.0,40.0
300.5,0.0,-34.46516641766104,20.30153451842815,0.0,40.0
300.6,0.0,-34.429681080157735,20.361656630014863,0.0,40.0
300.7,0.0,-34.39409086387495,20.42171671646421,0.0,40.0
300.8,0.0,-34.35839587722657,20.481714594822865,0.0,40.0
300.90000000000003,0.0,-34.32259622894576,20.541650082326836,0.0,40.0
301.0,0.0,-34.286692028084495,20.601522996402167,0.0,40.0
301.1,0.0,-34.250683384013115,20.661333154665698,0.0,40.0
301.2,0.0,-34.21457040642027,20.721080374925197,0.0,40.0
301.3,0.0,-34.17835320531229,20.78076447518039,0.0,40.0
301.40000000000003,0.0,-34.14203189101309,20.840385273623067,0.0,40.0
301.5,0.0,-34.10560657416368,20.899942588637963,0.0,40.0
301.6,0.0,-34.0690773657219,20.959436238803168,0.0,40.0
301.7,0.0,-34.03244437696205,21.01886604289071,0.0,40.0
301.8,0.0,-33.99570771947456,21.0782318198671,0.0,40.0
301.90000000000003,0.0,-33.95886750516564,21.137533388893907,0.0,40.0
302.0,0.0,-33.921923846257044,21.196770569328187,0.0,40.0
302.1,0.0,-33.884876855285476,21.255943180723328,0.0,40.0
302.2,0.0,-33.847726645102576,21.315051042829182,0.0,40.0
302.3,0.0,-33.81047332887424,21.374093975593063,0.0,40.0
302.40000000000003,0.0,-33.7731170200806,21.43307179915987,0.0,40.0
302.5,0.0,-33.73565783251543,21.491984333872956,0.0,40.0
302.6,0.0,-33.698095880285905,21.55083140027452,0.0,40.0
302.7,0.0,-33.66043127781225,21.609612819106196,0.0,40.0
302.8,0.0,-33.62266413982738,21.668328411309584,0.0,40.0
302.90000000000003,0.0,-33.58479458137652,21.726977998026843,0.0,40.0
303.0,0.0,-33.54682271781697,21.785561400601065,0.0,40.0
303.1,0.0,-33.508748664817546,21.84407844057717,0.0,40.0
303.2,0.0,-33.47057253835848,21.902528939701984,0.0,40.0
303.3,0.0,-33.43229445473081,21.960912719925272,0.0,40.0
303.40000000000003,0.0,-33.39391453053624,22.01922960339985,0.0,40.0
303.5,0.0,-33.355432882686735,22.077479412482322,0.0,40.0
303.6,0.0,-33.316849628403965,22.135661969733782,0.0,40.0
303.7,0.0,-33.27816488521931,22.19377709791996,0.0,40.0
303.8,0.0,-33.23937877097312,22.251824620012208,0.0,40.0
303.90000000000003,0.0,-33.200491403814695,22.309804359187616,0.0,40.0
304.0,0.0,-33.16150290220166,22.36771613882988,0.0,40.0
304.1,0.0,-33.12241338489977,22.425559782529675,0.0,40.0
304.2,0.0,-33.083222970982476,22.48333511408522,0.0,40.0
304.3,0.0,-33.04393177983056,22.541041957502852,0.0,40.0
304.40000000000003,0.0,-33.004539931131795,22.598680136997537,0.0,40.0
304.5,0.0,-32.96504754488063,22.6562494769933,0.0,40.0
304.6,0.0,-32.92545474137766,22.713749802124067,0.0,40.0
304.7,0.0,-32.885761641229514,22.77118093723375,0.0,40.0
304.8,0.0,-32.845968365348156,22.828542707377274,0.0,40.0
304.90000000000003,0.0,-32.80607503495088,22.88583493782065,0.0,40.0
305.0,0.0,-32.76608177155967,22.943057454041842,0.0,40.0
305.1,0.0,-32.72598869700094,23.00021008173114,0.0,40.0
305.2,0.0,-32.685795933405146,23.057292646791723,0.0,40.0
305.3,0.0,-32.6455036032064,23.11430497534023,0.0,40.0
305.40000000000003,0.0,-32.60511182914216,23.171246893707167,0.0,40.0
305.5,0.0,-32.56462073425276,23.2281182284376,0.0,40.0
305.6,0.0,-32.5240304418811,23.284918806291586,0.0,40.0
305.7,0.0,-32.48334107567225,23.341648454244705,0.0,40.0
305.8,0.0,-32.44255275957307,23.398306999488618,0.0,40.0
305.90000000000003,0.0,-32.401665617831824,23.4548942694316,0.0,40.0
306.0,0.0,-32.360679774997905,23.511410091698917,0.0,40.0
306.1,0.0,-32.31959535592121,23.567854294133703,0.0,40.0
306.2,0.0,-32.278412485752085,23.624226704797003,0.0,40.0
306.3,0.0,-32.23713128994062,23.68052715196879,0.0,40.0
306.40000000000003,0.0,-32.19575189423656,23.73675546414806,0.0,40.0
306.5,0.0,-32.154274424688694,23.792911470053653,0.0,40.0
306.6,0.0,-32.11269900764458,23.848994998624633,0.0,40.0
306.7,0.0,-32.071025769750165,23.90500587902084,0.0,40.0
306.8,0.0,-32.029254837949345,23.96094394062343,0.0,40.0
306.90000000000003,0.0,-31.987386339483606,24.016809013035385,0.0,40.0
307.0,0.0,-31.945420401891724,24.07260092608192,0.0,40.0
307.1,0.0,-31.903357153009132,24.12831950981131,0.0,40.0
307.20000000000005,0.0,-31.861196720967847,24.183964594495002,0.0,40.0
307.3,0.0,-31.81893923419583,24.239536010628445,0.0,40.0
307.40000000000003,0.0,-31.7765848214167,24.2950335889315,0.0,40.0
307.5,0.0,-31.734133611649405,24.35045716034882,0.0,40.0
307.6,0.0,-31.69158573420761,24.405806556050727,0.0,40.0
307.70000000000005,0.0,-31.64894131869959,24.461081607433268,0.0,40.0
307.8,0.0,-31.606200495027604,24.516282146119078,0.0,40.0
307.90000000000003,0.0,-31.563363393387615,24.57140800395774,0.0,40.0
308.0,0.0,-31.52043014426887,24.62645901302634,0.0,40.0
308.1,0.0,-31.47740087845349,24.68143500562995,0.0,40.0
308.20000000000005,0.0,-31.43427572701605,24.736335814302194,0.0,40.0
308.3,0.0,-31.391054821323316,24.791161271805606,0.0,40.0
308.40000000000003,0.0,-31.347738293033572,24.84591121113244,0.0,40.0
308.5,0.0,-31.30432627409656,24.900585465504772,0.0,40.0
308.6,0.0,-31.260818896752735,24.955183868375464,0.0,40.0
308.70000000000005,0.0,-31.217216293533177,25.00970625342822,0.0,40.0
308.8,0.0,-31.173518597258955,25.06415245457843,0.0,40.0
308.90000000000003,0.0,-31.12972594104083,25.11852230597352,0.0,40.0
309.0,0.0,-31.085838458278833,25.172815641993502,0.0,40.0
309.1,0.0,-31.041856282661836,25.22703229725145,0.0,40.0
309.20000000000005,0.0,-30.997779548167163,25.28117210659406,0.0,40.0
309.3,0.0,-30.953608389060253,25.335234905102,0.0,40.0
309.40000000000003,0.0,-30.909342939894028,25.38922052809072,0.0,40.0
309.5,0.0,-30.86498333550881,25.443128811110544,0.0,40.0
309.6,0.0,-30.82052971103156,25.4969595899476,0.0,40.0
309.70000000000005,0.0,-30.775982201875777,25.55071270062394,0.0,40.0
309.8,0.0,-30.731340943740932,25.604387979398222,0.0,40.0
309.90000000000003,0.0,-30.68660607261196,25.657985262766342,0.0,40.0
310.0,0.0,-30.641777724759123,25.71150438746157,0.0,40.0
310.1,0.0,-30.596856036737258,25.76494519045548,0.0,40.0
310.20000000000005,0.0,-30.551841145385673,25.81830750895804,0.0,40.0
310.3,0.0,-30.50673318782752,25.871591180418395,0.0,40.0
310.40000000000003,0.0,-30.46153230146946,25.924796042525244,0.0,40.0
310.5,0.0,-30.41623862400123,25.977921933207355,0.0,40.0
310.6,0.0,-30.370852293395227,26.03096869063404,0.0,40.0
310.70000000000005,0.0,-30.325373447906063,26.083936153215713,0.0,40.0
310.8,0.0,-30.27980222607026,26.136824159604217,0.0,40.0
310.90000000000003,0.0,-30.234138766705563,26.18963254869361,0.0,40.0
311.0,0.0,-30.18838320891089,26.24236115962028,0.0,40.0
311.1,0.0,-30.142535692065504,26.295009831763846,0.0,40.0
311.20000000000005,0.0,-30.096596355828964,26.34757840474723,0.0,40.0
311.3,0.0,-30.050565340140437,26.40006671843748,0.0,40.0
311.40000000000003,0.0,-30.00444278521838,26.452474612946077,0.0,40.0
311.5,0.0,-29.958228831560085,26.5048019286295,0.0,40.0
311.6,0.0,-29.911923619941277,26.55704850608966,0.0,40.0
311.70000000000005,0.0,-29.86552729141564,26.60921418617445,0.0,40.0
311.8,0.0,-29.819039987314497,26.661298809978092,0.0,40.0
311.90000000000003,0.0,-29.772461849246152,26.713302218841882,0.0,40.0
312.0,0.0,-29.725793019095782,26.76522425435431,0.0,40.0
312.1,0.0,-29.67903363902465,26.81706475835197,0.0,40.0
312.20000000000005,0.0,-29.632183851469975,26.868823572919638,0.0,40.0
312.3,0.0,-29.585243799144386,26.920500540390936,0.0,40.0
312.40000000000003,0.0,-29.53821362503533,26.97209550334896,0.0,40.0
312.5,0.0,-29.49109347240497,27.023608304626407,0.0,40.0
312.6,0.0,-29.443883484789353,27.075038787306447,0.0,40.0
312.70000000000005,0.0,-29.396583805998382,27.12638679472284,0.0,40.0
312.8,0.0,-29.349194580115046,27.177652170460675,0.0,40.0
312.90000000000003,0.0,-29.30171595149514,27.228834758356722,0.0,40.0
313.0,0.0,-29.254148064766813,27.279934402499944,0.0,40.0
313.1,0.0,-29.20649106483009,27.33095094723197,0.0,40.0
313.20000000000005,0.0,-29.158745096856435,27.38188423714757,0.0,40.0
313.3,0.0,-29.110910306288424,27.432734117095045,0.0,40.0
313.40000000000003,0.0,-29.06298683883902,27.48350043217694,0.0,40.0
313.5,0.0,-29.014974840491515,27.534183027750146,0.0,40.0
313.6,0.0,-28.96687445749869,27.584781749426806,0.0,40.0
313.70000000000005,0.0,-28.91868583638272,27.635296443074342,0.0,40.0
313.8,0.0,-28.870409123934483,27.685726954816275,0.0,40.0
313.90000000000003,0.0,-28.822044467213214,27.736073131032523,0.0,40.0
314.0,0.0,-28.773592013546047,27.78633481835989,0.0,40.0
314.1,0.0,-28.725051910527558,27.836511863692568,0.0,40.0
314.20000000000005,0.0,-28.676424306019292,27.8866041141826,0.0,40.0
314.3,0.0,-28.627709348149416,27.93661141724025,0.0,40.0
314.40000000000003,0.0,-28.578907185312122,27.98653362053463,0.0,40.0
314.5,0.0,-28.530017966167254,28.036370571994045,0.0,40.0
314.6,0.0,-28.48104183963985,28.086122119806504,0.0,40.0
314.70000000000005,0.0,-28.43197895491967,28.135788112420187,0.0,40.0
314.8,0.0,-28.382829461460837,28.185368398543787,0.0,40.0
314.90000000000003,0.0,-28.333593508981135,28.23486282714726,0.0,40.0
315.0,0.0,-28.28427124746191,28.284271247461895,0.0,40.0
315.1,0.0,-28.23486282714722,28.33359350898117,0.0,40.0
315.20000000000005,0.0,-28.185368398543776,28.38282946146085,0.0,40.0
315.3,0.0,-28.135788112420144,28.431978954919707,0.0,40.0
315.40000000000003,0.0,-28.08612211980649,28.481041839639865,0.0,40.0
315.5,0.0,-28.03637057199403,28.530017966167268,0.0,40.0
315.6,0.0,-27.986533620534615,28.578907185312133,0.0,40.0
315.70000000000005,0.0,-27.93661141724021,28.62770934814946,0.0,40.0
315.8,0.0,-27.88660411418259,28.676424306019307,0.0,40.0
315.90000000000003,0.0,-27.836511863692554,28.72505191052757,0.0,40.0
316.0,0.0,-27.786334818359904,28.773592013546036,0.0,40.0
316.1,0.0,-27.736073131032512,28.822044467213228,0.0,40.0
316.20000000000005,0.0,-27.685726954816264,28.870409123934493,0.0,40.0
316.3,0.0,-27.635296443074328,28.918685836382735,0.0,40.0
316.40000000000003,0.0,-27.584781749426767,28.966874457498726,0.0,40.0
316.5,0.0,-27.53418302775016,29.014974840491504,0.0,40.0
316.6,0.0,-27.483500432176903,29.062986838839056,0.0,40.0
316.70000000000005,0.0,-27.43273411709503,29.11091030628844,0.0,40.0
316.8,0.0,-27.38188423714753,29.158745096856475,0.0,40.0
316.90000000000003,0.0,-27.330950947231955,29.206491064830104,0.0,40.0
317.0,0.0,-27.27993440249993,29.254148064766827,0.0,40.0
317.1,0.0,-27.228834758356708,29.301715951495154,0.0,40.0
317.20000000000005,0.0,-27.177652170460632,29.349194580115082,0.0,40.0
317.3,0.0,-27.126386794722826,29.396583805998393,0.0,40.0
317.40000000000003,0.0,-27.075038787306408,29.443883484789396,0.0,40.0
317.5,0.0,-27.023608304626418,29.491093472404955,0.0,40.0
317.6,0.0,-26.972095503348918,29.538213625035365,0.0,40.0
317.70000000000005,0.0,-26.920500540390925,29.5852437991444,0.0,40.0
317.8,0.0,-26.8688235729196,29.63218385147001,0.0,40.0
317.90000000000003,0.0,-26.817064758351957,29.67903363902466,0.0,40.0
318.0,0.0,-26.765224254354326,29.725793019095768,0.0,40.0
318.1,0.0,-26.713302218841868,29.772461849246163,0.0,40.0
318.20000000000005,0.0,-26.661298809978078,29.819039987314508,0.0,40.0
318.3,0.0,-26.60921418617444,29.86552729141565,0.0,40.0
318.40000000000003,0.0,-26.557048506089647,29.911923619941287,0.0,40.0
318.5,0.0,-26.50480192862951,29.958228831560074,0.0,40.0
318.6,0.0,-26.452474612946062,30.004442785218387,0.0,40.0
318.70000000000005,0.0,-26.400066718437436,30.050565340140473,0.0,40.0
318.8,0.0,-26.347578404747217,30.09659635582898,0.0,40.0
318.90000000000003,0.0,-26.295009831763807,30.14253569206554,0.0,40.0
319.0,0.0,-26.242361159620295,30.188383208910878,0.0,40.0
319.1,0.0,-26.18963254869357,30.2341387667056,0.0,40.0
319.20000000000005,0.0,-26.136824159604203,30.27980222607027,0.0,40.0
319.3,0.0,-26.083936153215674,30.3253734479061,0.0,40.0
319.40000000000003,0.0,-26.03096869063403,30.37085229339524,0.0,40.0
319.5,0.0,-25.977921933207337,30.41623862400124,0.0,40.0
319.6,0.0,-25.92479604252523,30.46153230146947,0.0,40.0
319.70000000000005,0.0,-25.871591180418356,30.506733187827557,0.0,40.0
319.8,0.0,-25.818307508958025,30.551841145385687,0.0,40.0
319.90000000000003,0.0,-25.764945190455443,30.596856036737286,0.0,40.0
320.0,0.0,-25.711504387461584,30.641777724759113,0.0,40.0
320.1,0.0,-25.6579852627663,30.686606072611994,0.0,40.0
320.20000000000005,0.0,-25.604387979398208,30.731340943740943,0.0,40.0
320.3,0.0,-25.5507127006239,30.775982201875806,0.0,40.0
320.40000000000003,0.0,-25.496959589947586,30.820529711031575,0.0,40.0
320.5,0.0,-25.443128811110558,30.8649833355088,0.0,40.0
320.6,0.0,-25.389220528090707,30.90934293989404,0.0,40.0
320.70000000000005,0.0,-25.335234905101984,30.953608389060264,0.0,40.0
320.8,0.0,-25.281172106594045,30.997779548167177,0.0,40.0
320.90000000000003,0.0,-25.227032297251434,31.04185628266185,0.0,40.0
321.0,0.0,-25.172815641993513,31.085838458278822,0.0,40.0
321.1,0.0,-25.118522305973507,31.129725941040846,0.0,40.0
321.20000000000005,0.0,-25.064152454578384,31.17351859725899,0.0,40.0
321.3,0.0,-25.009706253428202,31.21721629353319,0.0,40.0
321.40000000000003,0.0,-24.95518386837542,31.26081889675277,0.0,40.0
321.5,0.0,-24.900585465504786,31.304326274096553,0.0,40.0
321.6,0.0,-24.845911211132396,31.347738293033608,0.0,40.0
321.70000000000005,0.0,-24.79116127180559,31.39105482132333,0.0,40.0
321.8,0.0,-24.736335814302155,31.434275727016082,0.0,40.0
321.90000000000003,0.0,-24.681435005629936,31.477400878453498,0.0,40.0
322.0,0.0,-24.626459013026327,31.52043014426888,0.0,40.0
322.1,0.0,-24.57140800395773,31.56336339338763,0.0,40.0
322.20000000000005,0.0,-24.516282146119032,31.606200495027636,0.0,40.0
322.3,0.0,-24.46108160743325,31.6489413186996,0.0,40.0
322.40000000000003,0.0,-24.405806556050685,31.691585734207642,0.0,40.0
322.5,0.0,-24.350457160348835,31.734133611649398,0.0,40.0
322.6,0.0,-24.295033588931453,31.776584821416733,0.0,40.0
322.70000000000005,0.0,-24.23953601062843,31.818939234195845,0.0,40.0
322.8,0.0,-24.183964594494988,31.861196720967854,0.0,40.0
322.90000000000003,0.0,-24.128319509811295,31.903357153009143,0.0,40.0
323.0,0.0,-24.072600926081932,31.945420401891713,0.0,40.0
323.1,0.0,-24.016809013035363,31.98738633948362,0.0,40.0
323.20000000000005,0.0,-23.960943940623412,32.02925483794936,0.0,40.0
323.3,0.0,-23.905005879020827,32.07102576975017,0.0,40.0
323.40000000000003,0.0,-23.84899499862462,32.11269900764459,0.0,40.0
323.5,0.0,-23.792911470053642,32.1542744246887,0.0,40.0
323.6,0.0,-23.73675546414805,32.19575189423657,0.0,40.0
323.70000000000005,0.0,-23.68052715196875,32.237131289940656,0.0,40.0
323.8,0.0,-23.624226704797017,32.27841248575208,0.0,40.0
323.90000000000003,0.0,-23.567854294133657,32.31959535592124,0.0,40.0
324.0,0.0,-23.511410091698934,32.36067977499789,0.0,40.0
324.1,0.0,-23.454894269431552,32.40166561783185,0.0,40.0
324.20000000000005,0.0,-23.398306999488604,32.442552759573076,0.0,40.0
324.3,0.0,-23.34164845424469,32.48334107567226,0.0,40.0
324.40000000000003,0.0,-23.284918806291568,32.52403044188111,0.0,40.0
324.5,0.0,-23.228118228437587,32.56462073425277,0.0,40.0
324.6,0.0,-23.171246893707153,32.60511182914217,0.0,40.0
324.70000000000005,0.0,-23.11430497534019,32.64550360320643,0.0,40.0
324.8,0.0,-23.057292646791737,32.68579593340513,0.0,40.0
324.90000000000003,0.0,-23.000210081731126,32.72598869700095,0.0,40.0
325.0,0.0,-22.94305745404186,32.76608177155966,0.0,40.0
325.1,0.0,-22.885834937820636,32.806075034950894,0.0,40.0
325.20000000000005,0.0,-22.828542707377228,32.845968365348185,0.0,40.0
325.3,0.0,-22.771180937233765,32.8857616412295,0.0,40.0
325.40000000000003,0.0,-22.71374980212402,32.92545474137769,0.0,40.0
325.5,0.0,-22.656249476993317,32.965047544880626,0.0,40.0
325.6,0.0,-22.598680136997494,33.004539931131816,0.0,40.0
325.70000000000005,0.0,-22.541041957502838,33.04393177983057,0.0,40.0
325.8,0.0,-22.48333511408521,33.08322297098248,0.0,40.0
325.90000000000003,0.0,-22.425559782529657,33.12241338489979,0.0,40.0
326.0,0.0,-22.367716138829863,33.161502902201676,0.0,40.0
326.1,0.0,-22.3098043591876,33.2004914038147,0.0,40.0
326.20000000000005,0.0,-22.25182462001216,33.239378770973154,0.0,40.0
326.3,0.0,-22.193777097919973,33.2781648852193,0.0,40.0
326.40000000000003,0.0,-22.13566196973374,33.31684962840399,0.0,40.0
326.5,0.0,-22.077479412482333,33.35543288268672,0.0,40.0
326.6,0.0,-22.019229603399808,33.39391453053628,0.0,40.0
326.70000000000005,0.0,-21.960912719925258,33.43229445473082,0.0,40.0
326.8,0.0,-21.902528939702,33.470572538358475,0.0,40.0
326.90000000000003,0.0,-21.844078440577157,33.50874866481755,0.0,40.0
327.0,0.0,-21.78556140060108,33.546822717816966,0.0,40.0
327.1,0.0,-21.726977998026825,33.58479458137653,0.0,40.0
327.20000000000005,0.0,-21.668328411309567,33.622664139827386,0.0,40.0
327.3,0.0,-21.60961281910621,33.66043127781224,0.0,40.0
327.40000000000003,0.0,-21.550831400274504,33.69809588028591,0.0,40.0
327.5,0.0,-21.49198433387297,33.73565783251542,0.0,40.0
327.6,0.0,-21.433071799159855,33.77311702008061,0.0,40.0
327.70000000000005,0.0,-21.37409397559302,33.810473328874274,0.0,40.0
327.8,0.0,-21.315051042829197,33.84772664510256,0.0,40.0
327.90000000000003,0.0,-21.255943180723285,33.884876855285505,0.0,40.0
328.0,0.0,-21.1967705693282,33.92192384625704,0.0,40.0
328.1,0.0,-21.137533388893864,33.95886750516568,0.0,40.0
328.20000000000005,0.0,-21.07823181986708,33.99570771947457,0.0,40.0
328.3,0.0,-21.0188660428907,34.03244437696206,0.0,40.0
328.40000000000003,0.0,-20.959436238803157,34.06907736572191,0.0,40.0
328.5,0.0,-20.89994258863795,34.105606574163694,0.0,40.0
328.6,0.0,-20.84038527362305,34.1420318910131,0.0,40.0
328.70000000000005,0.0,-20.780764475180344,34.17835320531231,0.0,40.0
328.8,0.0,-20.72108037492521,34.214570406420265,0.0,40.0
328.90000000000003,0.0,-20.661333154665652,34.25068338401314,0.0,40.0
329.0,0.0,-20.60152299640218,34.28669202808449,0.0,40.0
329.1,0.0,-20.54165008232679,34.32259622894579,0.0,40.0
329.20000000000005,0.0,-20.48171459482285,34.358395877226585,0.0,40.0
329.3,0.0,-20.42171671646422,34.39409086387494,0.0,40.0
329.40000000000003,0.0,-20.36165663001485,34.42968108015775,0.0,40.0
329.5,0.0,-20.30153451842817,34.46516641766103,0.0,40.0
329.6,0.0,-20.241350564846556,34.50054676829029,0.0,40.0
329.70000000000005,0.0,-20.181104952600748,34.53582202427088,0.0,40.0
329.8,0.0,-20.12079786520941,34.57099207814818,0.0,40.0
329.90000000000003,0.0,-20.060429486378275,34.60605682278819,0.0,40.0
330.0,0.0,-20.000000000000018,34.641016151377535,0.0,40.0
330.1,0.0,-19.939509590153204,34.67586995742411,0.0,40.0
330.20000000000005,0.0,-19.878958441102178,34.710618134757155,0.0,40.0
330.3,0.0,-19.8183467372963,34.74526057752765,0.0,40.0
330.40000000000003,0.0,-19.75767466336921,34.779797180208774,0.0,40.0
330.5,0.0,-19.696942404138692,34.814227837595986,0.0,40.0
330.6,0.0,-19.63615014460561,34.84855244480759,0.0,40.0
330.70000000000005,0.0,-19.57529806995383,34.882770897284836,0.0,40.0
330.8,0.0,-19.514386365549296,34.916883090792396,0.0,40.0
330.90000000000003,0.0,-19.45341521693961,34.95088892141861,0.0,40.0
331.0,0.0,-19.392384809853475,34.98478828557583,0.0,40.0
331.1,0.0,-19.331295330200092,35.018581080000715,0.0,40.0
331.20000000000005,0.0,-19.27014696406858,35.05226720175456,0.0,40.0
331.3,0.0,-19.20893989772756,35.08584654822355,0.0,40.0
331.40000000000003,0.0,-19.14767431762425,35.11931901711924,0.0,40.0
331.5,0.0,-19.086350410384348,35.15268450647861,0.0,40.0
331.6,0.0,-19.024968362810995,35.185942914664665,0.0,40.0
331.70000000000005,0.0,-18.96352836188464,35.21909414036649,0.0,40.0
331.8,0.0,-18.902030594762152,35.25213808259969,0.0,40.0
331.90000000000003,0.0,-18.8404752487764,35.28507464070671,0.0,40.0
332.0,0.0,-18.778862511435634,35.31790371435707,0.0,40.0
332.1,0.0,-18.71719257042294,35.350625203547736,0.0,40.0
332.20000000000005,0.0,-18.655465613595624,35.38323900860337,0.0,40.0
332.3,0.0,-18.593681828984767,35.415745030176645,0.0,40.0
332.40000000000003,0.0,-18.531841404794452,35.448143169248596,0.0,40.0
332.5,0.0,-18.469944529401346,35.48043332712887,0.0,40.0
332.6,0.0,-18.40799139135406,35.51261540545606,0.0,40.0
332.70000000000005,0.0,-18.345982179372562,35.544689306197974,0.0,40.0
332.8,0.0,-18.283917082347767,35.5766549316519,0.0,40.0
332.90000000000003,0.0,-18.221796289340595,35.608512184445075,0.0,40.0
333.0,0.0,-18.159619989581877,35.640260967534715,0.0,40.0
333.1,0.0,-18.097388372471286,35.67190118420857,0.0,40.0
333.20000000000005,0.0,-18.035101627577216,35.70343273808503,0.0,40.0
333.3,0.0,-17.972759944635854,35.73485553311351,0.0,40.0
333.40000000000003,0.0,-17.91036351355078,35.76616947357473,0.0,40.0
333.5,0.0,-17.84791252439235,35.797374464081,0.0,40.0
333.6,0.0,-17.785407167397096,35.82847040957652,0.0,40.0
333.70000000000005,0.0,-17.72284763296716,35.859457215337635,0.0,40.0
333.8,0.0,-17.660234111669816,35.890334786973135,0.0,40.0
333.90000000000003,0.0,-17.597566794236585,35.92110303042463,0.0,40.0
334.0,0.0,-17.53484587156311,35.95176185196667,0.0,40.0
334.1,0.0,-17.472071534708075,35.982311158207224,0.0,40.0
334.20000000000005,0.0,-17.40924397489306,36.012750856087756,0.0,40.0
334.3,0.0,-17.346363383501767,36.04308085288367,0.0,40.0
334.40000000000003,0.0,-17.28342995207926,36.07330105620456,0.0,40.0
334.5,0.0,-17.220443872331806,36.10341137399442,0.0,40.0
334.6,0.0,-17.157405336125812,36.133411714532045,0.0,40.0
334.70000000000005,0.0,-17.094314535487673,36.163301986431144,0.0,40.0
334.8,0.0,-17.031171662602887,36.19308209864079,0.0,40.0
334.90000000000003,0.0,-16.967976909815594,36.22275196044559,0.0,40.0
335.0,0.0,-16.904730469627967,36.252311481466,0.0,40.0
335.1,0.0,-16.841432534699635,36.2817605716586,0.0,40.0
335.20000000000005,0.0,-16.77808329784705,36.31109914131636,0.0,40.0
335.3,0.0,-16.71468295204307,36.34032710106887,0.0,40.0
335.40000000000003,0.0,-16.651231690416022,36.369444361882756,0.0,40.0
335.5,0.0,-16.587729706249572,36.39845083506172,0.0,40.0
335.6,0.0,-16.524177192981654,36.42734643224709,0.0,40.0
335.70000000000005,0.0,-16.46057434420434,36.456131065417814,0.0,40.0
335.8,0.0,-16.396921353662897,36.48480464689092,0.0,40.0
335.90000000000003,0.0,-16.33321841525539,36.51336708932172,0.0,40.0
336.0,0.0,-16.269465723032006,36.54181830570404,0.0,40.0
336.1,0.0,-16.2056634711945,36.57015820937055,0.0,40.0
336.20000000000005,0.0,-16.141811854095575,36.598386713993,0.0,40.0
336.3,0.0,-16.077911066238414,36.62650373358244,0.0,40.0
336.40000000000003,0.0,-16.013961302275778,36.65450918248959,0.0,40.0
336.5,0.0,-15.949962757009866,36.682402975404955,0.0,40.0
336.6,0.0,-15.885915625391213,36.71018502735925,0.0,40.0
336.70000000000005,0.0,-15.821820102518558,36.73785525372351,0.0,40.0
336.8,0.0,-15.757676383638042,36.76541357020938,0.0,40.0
336.90000000000003,0.0,-15.693484664142428,36.79285989286952,0.0,40.0
337.0,0.0,-15.629245139570955,36.82019413809761,0.0,40.0
337.1,0.0,-15.564958005608228,36.84741622262886,0.0,40.0
337.20000000000005,0.0,-15.5006234580841,36.87452606354003,0.0,40.0
337.3,0.0,-15.436241692972729,36.90152357824986,0.0,40.0
337.40000000000003,0.0,-15.371812906392137,36.92840868451924,0.0,40.0
337.5,0.0,-15.307337294603583,36.95518130045147,0.0,40.0
337.6,0.0,-15.242815054010961,36.98184134449252,0.0,40.0
337.70000000000005,0.0,-15.17824638116017,37.008388735431296,0.0,40.0
337.8,0.0,-15.113631472738689,37.03482339239979,0.0,40.0
337.90000000000003,0.0,-15.0489705255746,37.0611452348735,0.0,40.0
338.0,0.0,-14.984263736636494,37.08735418267149,0.0,40.0
338.1,0.0,-14.91951130303234,37.113450155956805,0.0,40.0
338.20000000000005,0.0,-14.85471342200938,37.139433075236546,0.0,40.0
338.3,0.0,-14.789870290953164,37.16530286136225,0.0,40.0
338.40000000000003,0.0,-14.724982107387115,37.19105943553006,0.0,40.0
338.5,0.0,-14.66004906897189,37.21670271928098,0.0,40.0
338.6,0.0,-14.59507137350479,37.24223263450113,0.0,40.0
338.70000000000005,0.0,-14.530049218919107,37.26764910342197,0.0,40.0
338.8,0.0,-14.464982803283704,37.292952048620485,0.0,40.0
338.90000000000003,0.0,-14.399872324802029,37.31814139301957,0.0,40.0
339.0,0.0,-14.33471798181203,37.34321705988806,0.0,40.0
339.1,0.0,-14.269519972784998,37.368178972841186,0.0,40.0
339.20000000000005,0.0,-14.204278496325443,37.39302705584059,0.0,40.0
339.3,0.0,-14.138993751170283,37.417761233194696,0.0,40.0
339.40000000000003,0.0,-14.073665936188043,37.44238142955894,0.0,40.0
339.5,0.0,-14.008295250378707,37.466887569935906,0.0,40.0
339.6,0.0,-13.942881892872588,37.49127957967567,0.0,40.0
339.70000000000005,0.0,-13.877426062930216,37.51555738447591,0.0,40.0
339.8,0.0,-13.81192795994137,37.53972091038224,0.0,40.0
339.90000000000003,0.0,-13.746387783424632,37.56377008378837,0.0,40.0
340.0,0.0,-13.680805733026745,37.58770483143634,0.0,40.0
340.1,0.0,-13.615182008522002,37.61152508041676,0.0,40.0
340.20000000000005,0.0,-13.549516809811625,37.63523075816903,0.0,40.0
340.3,0.0,-13.48381033692329,37.65882179248151,0.0,40.0
340.40000000000003,0.0,-13.418062790010177,37.682298111491875,0.0,40.0
340.5,0.0,-13.352274369350852,37.705659643687135,0.0,40.0
340.6,0.0,-13.286445275348118,37.72890631790404,0.0,40.0
340.70000000000005,0.0,-13.22057570852891,37.75203806332918,0.0,40.0
340.8,0.0,-13.154665869543322,37.775054809499245,0.0,40.0
340.90000000000003,0.0,-13.088715959164155,37.79795648630123,0.0,40.0
341.0,0.0,-13.022726178286268,37.820743023972675,0.0,40.0
341.1,0.0,-12.956696727925983,37.843414353101814,0.0,40.0
341.20000000000005,0.0,-12.890627809220419,37.865970404627866,0.0,40.0
341.3,0.0,-12.824519623427031,37.88841110984116,0.0,40.0
341.40000000000003,0.0,-12.758372371922782,37.91073640038343,0.0,40.0
341.5,0.0,-12.692186256203675,37.93294620824798,0.0,40.0
341.6,0.0,-12.625961477884092,37.95504046577987,0.0,40.0
341.70000000000005,0.0,-12.55969823869616,37.97701910567616,0.0,40.0
341.8,0.0,-12.493396740489302,37.9988820609861,0.0,40.0
341.90000000000003,0.0,-12.427057185229241,38.02062926511135,0.0,40.0
342.0,0.0,-12.360679774997905,38.04226065180614,0.0,40.0
342.1,0.0,-12.294264711992263,38.063776155177536,0.0,40.0
342.20000000000005,0.0,-12.22781219852421,38.08517570968555,0.0,40.0
342.3,0.0,-12.1613224370196,38.10645925014346,0.0,40.0
342.40000000000003,0.0,-12.09479563001777,38.12762671171788,0.0,40.0
342.5,0.0,-12.02823198017092,38.14867802992908,0.0,40.0
342.6,0.0,-11.961631690243467,38.16961314065107,0.0,40.0
342.70000000000005,0.0,-11.89499496311141,38.19043198011191,0.0,40.0
342.8,0.0,-11.828322001761878,38.21113448489375,0.0,40.0
342.90000000000003,0.0,-11.761613009292136,38.23172059193321,0.0,40.0
343.0,0.0,-11.694868188909487,38.252190238521415,0.0,40.0
343.1,0.0,-11.628087743930084,38.272543362304305,0.0,40.0
343.20000000000005,0.0,-11.56127187777882,38.2927799012827,0.0,40.0
343.3,0.0,-11.494420793988475,38.3128997938126,0.0,40.0
343.40000000000003,0.0,-11.427534696198906,38.33290297860534,0.0,40.0
343.5,0.0,-11.360613788156908,38.35278939472772,0.0,40.0
343.6,0.0,-11.293658273715032,38.37255898160231,0.0,40.0
343.70000000000005,0.0,-11.226668356831489,38.39221167900748,0.0,40.0
343.8,0.0,-11.15964424156915,38.41174742707773,0.0,40.0
343.90000000000003,0.0,-11.092586132095096,38.43116616630377,0.0,40.0
344.0,0.0,-11.025494232679957,38.450467837532756,0.0,40.0
344.1,0.0,-10.958368747697293,38.46965238196846,0.0,40.0
344.20000000000005,0.0,-10.891209881622938,38.48871974117142,0.0,40.0
344.3,0.0,-10.824017839034548,38.507669857059156,0.0,40.0
344.40000000000003,0.0,-10.756792824610601,38.526502671906336,0.0,40.0
344.5,0.0,-10.689535043130284,38.54521812834492,0.0,40.0
344.6,0.0,-10.622244699472333,38.56381616936441,0.0,40.0
344.70000000000005,0.0,-10.554921998614901,38.582296738311925,0.0,40.0
344.8,0.0,-10.487567145634578,38.600659778892464,0.0,40.0
344.90000000000003,0.0,-10.420180345705926,38.618905235169,0.0,40.0
345.0,0.0,-10.352761804100828,38.63703305156273,0.0,40.0
345.1,0.0,-10.28531172618785,38.65504317285317,0.0,40.0
345.20000000000005,0.0,-10.217830317431593,38.67293554417839,0.0,40.0
345.3,0.0,-10.150317783392236,38.69071011103507,0.0,40.0
345.40000000000003,0.0,-10.082774329724526,38.70836681927885,0.0,40.0
345.5,0.0,-10.015200162177676,38.725905615124304,0.0,40.0
345.6,0.0,-9.94759548659418,38.74332644514525,0.0,40.0
345.70000000000005,0.0,-9.879960508909674,38.76062925627479,0.0,40.0
345.8,0.0,-9.8122954351521,38.77781399580555,0.0,40.0
345.90000000000003,0.0,-9.744600471440867,38.79488061138988,0.0,40.0
346.0,0.0,-9.676875823986714,38.81182905103986,0.0,40.0
346.1,0.0,-9.609121699090524,38.82865926312763,0.0,40.0
346.20000000000005,0.0,-9.541338303143213,38.84537119638545,0.0,40.0
346.3,0.0,-9.473525842624731,38.86196479990585,0.0,40.0
346.40000000000003,0.0,-9.405684524103588,38.87844002314185,0.0,40.0
346.5,0.0,-9.337814554236207,38.894796815907064,0.0,40.0
346.6,0.0,-9.26991613976629,38.911035128375865,0.0,40.0
346.70000000000005,0.0,-9.201989487524143,38.92715491108354,0.0,40.0
346.8,0.0,-9.134034804426234,38.94315611492641,0.0,40.0
346.90000000000003,0.0,-9.066052297474176,38.95903869116207,0.0,40.0
347.0,0.0,-8.998042173754614,38.97480259140941,0.0,40.0
347.1,0.0,-8.930004640438037,38.990447767648874,0.0,40.0
347.20000000000005,0.0,-8.861939904778678,39.00597417222253,0.0,40.0
347.3,0.0,-8.793848174113492,39.02138175783426,0.0,40.0
347.40000000000003,0.0,-8.725729655861697,39.0366704775499,0.0,40.0
347.5,0.0,-8.657584557524116,39.051840284797336,0.0,40.0
347.6,0.0,-8.589413086682532,39.06689113336672,0.0,40.0
347.70000000000005,0.0,-8.521215450999037,39.08182297741055,0.0,40.0
347.8,0.0,-8.452991858215558,39.09663577144383,0.0,40.0
347.90000000000003,0.0,-8.384742516152855,39.11132947034425,0.0,40.0
348.0,0.0,-8.316467632710395,39.12590402935222,0.0,40.0
348.1,0.0,-8.248167415865176,39.140359404071134,0.0,40.0
348.20000000000005,0.0,-8.179842073671574,39.15469555046741,0.0,40.0
348.3,0.0,-8.111491814260498,39.168912424870626,0.0,40.0
348.40000000000003,0.0,-8.043116845838554,39.18300998397377,0.0,40.0
348.5,0.0,-7.974717376687894,39.19698818483318,0.0,40.0
348.6,0.0,-7.906293615165023,39.21084698486888,0.0,40.0
348.70000000000005,0.0,-7.837845769700689,39.22458634186452,0.0,40.0
348.8,0.0,-7.7693740487988645,39.238206213967665,0.0,40.0
348.90000000000003,0.0,-7.7008786610362865,39.25170655968981,0.0,40.0
349.0,0.0,-7.632359815061786,39.26508733790656,0.0,40.0
349.1,0.0,-7.56381771959565,39.27834850785774,0.0,40.0
349.20000000000005,0.0,-7.495252583428953,39.29149002914755,0.0,40.0
349.3,0.0,-7.426664615423095,39.30451186174461,0.0,40.0
349.40000000000003,0.0,-7.358054024508782,39.317413965982176,0.0,40.0
349.5,0.0,-7.289421019685913,39.33019630255818,0.0,40.0
349.6,0.0,-7.2207658100223835,39.342858832535434,0.0,40.0
349.70000000000005,0.0,-7.152088604653973,39.35540151734167,0.0,40.0
349.8,0.0,-7.083389612783325,39.36782431876968,0.0,40.0
349.90000000000003,0.0,-7.014669043679483,39.38012719897746,0.0,40.0
350.0,0.0,-6.945927106677216,39.39231012048832,0.0,40.0
350.1,0.0,-6.877164011176387,39.404373046190955,0.0,40.0
350.20000000000005,0.0,-6.808379966641277,39.41631593933961,0.0,40.0
350.3,0.0,-6.739575182600083,39.428138763554145,0.0,40.0
350.40000000000003,0.0,-6.670749868644075,39.4398414828202,0.0,40.0
350.5,0.0,-6.601904234427094,39.451424061489256,0.0,40.0
350.6,0.0,-6.533038489664883,39.46288646427878,0.0,40.0
350.70000000000005,0.0,-6.464152844134407,39.4742286562723,0.0,40.0
350.8,0.0,-6.395247507673395,39.485450602919514,0.0,40.0
350.90000000000003,0.0,-6.326322690179312,39.49655227003646,0.0,40.0
351.0,0.0,-6.257378601609245,39.50753362380551,0.0,40.0
351.1,0.0,-6.1884154519787025,39.51839463077557,0.0,40.0
351.20000000000005,0.0,-6.119433451361505,39.529135257862116,0.0,40.0
351.3,0.0,-6.050432809888756,39.539755472347345,0.0,40.0
351.40000000000003,0.0,-5.981413737748373,39.55025524188024,0.0,40.0
351.5,0.0,-5.912376445184421,39.56063453447668,0.0,40.0
351.6,0.0,-5.843321142496465,39.57089331851953,0.0,40.0
351.70000000000005,0.0,-5.7742480400388985,39.58103156275878,0.0,40.0
351.8,0.0,-5.705157348220475,39.591049236311555,0.0,40.0
351.90000000000003,0.0,-5.636049277503284,39.60094630866231,0.0,40.0
352.0,0.0,-5.566924038402635,39.61072274966281,0.0,40.0
352.1,0.0,-5.497781841485852,39.62037852953236,0.0,40.0
352.20000000000005,0.0,-5.428622897372131,39.62991361885775,0.0,40.0
352.3,0.0,-5.359447416731678,39.63932798859345,0.0,40.0
352.40000000000003,0.0,-5.290255610284862,39.648621610061674,0.0,40.0
352.5,0.0,-5.221047688802067,39.657794454952416,0.0,40.0
352.6,0.0,-5.151823863102484,39.66684649532362,0.0,40.0
352.70000000000005,0.0,-5.082584344053997,39.675777703601184,0.0,40.0
352.8,0.0,-5.013329342572152,39.684588052579116,0.0,40.0
352.90000000000003,0.0,-4.944059069619694,39.69327751541955,0.0,40.0
353.0,0.0,-4.874773736205889,39.70184606565289,0.0,40.0
353.1,0.0,-4.805473553385879,39.71029367717782,0.0,40.0
353.20000000000005,0.0,-4.736158732260002,39.71862032426148,0.0,40.0
353.3,0.0,-4.66682948397333,39.72682598153944,0.0,40.0
353.40000000000003,0.0,-4.597486019714636,39.73491062401586,0.0,40.0
353.5,0.0,-4.52812855071628,39.742874227063496,0.0,40.0
353.6,0.0,-4.4587572882529996,39.75071676642386,0.0,40.0
353.70000000000005,0.0,-4.389372443641796,39.75843821820719,0.0,40.0
353.8,0.0,-4.319974228240903,39.76603855889262,0.0,40.0
353.90000000000003,0.0,-4.250562853449321,39.77351776532819,0.0,40.0
354.0,0.0,-4.181138530706137,39.78087581473093,0.0,40.0
354.1,0.0,-4.111701471489875,39.78811268468697,0.0,40.0
354.20000000000005,0.0,-4.042251887317825,39.79522835315153,0.0,40.0
354.3,0.0,-3.9727899897455714,39.80222279844905,0.0,40.0
354.40000000000003,0.0,-3.9033159903659587,39.80909599927325,0.0,40.0
354.5,0.0,-3.8338301008089792,39.81584793468715,0.0,40.0
354.6,0.0,-3.7643325327405615,39.8224785841232,0.0,40.0
354.70000000000005,0.0,-3.6948234978624206,39.82898792738329,0.0,40.0
354.8,0.0,-3.625303207911203,39.83537594463881,0.0,40.0
354.90000000000003,0.0,-3.555771874657627,39.84164261643079,0.0,40.0
355.0,0.0,-3.4862297099063326,39.84778792366982,0.0,40.0
355.1,0.0,-3.416676925494673,39.85381184763626,0.0,40.0
355.20000000000005,0.0,-3.347113733292599,39.859714369980175,0.0,40.0
355.3,0.0,-3.2775403452016203,39.86549547272146,0.0,40.0
355.40000000000003,0.0,-3.2079569731543445,39.87115513824989,0.0,40.0
355.5,0.0,-3.13836382911379,39.876693349325116,0.0,40.0
355.6,0.0,-3.068761125072742,39.88211008907681,0.0,40.0
355.70000000000005,0.0,-2.9991490730530734,39.88740534100464,0.0,40.0
355.8,0.0,-2.9295278851052724,39.89257908897832,0.0,40.0
355.90000000000003,0.0,-2.8598977733074102,39.89763131723776,0.0,40.0
356.0,0.0,-2.7902589497650254,39.90256201039297,0.0,40.0
356.1,0.0,-2.7206116266099087,39.90737115342421,0.0,40.0
356.20000000000005,0.0,-2.6509560159999923,39.912058731682,0.0,40.0
356.3,0.0,-2.58129233011831,39.91662473088716,0.0,40.0
356.40000000000003,0.0,-2.5116207811725304,39.921069137130864,0.0,40.0
356.5,0.0,-2.441941581394275,39.925391936874675,0.0,40.0
356.6,0.0,-2.3722549430384694,39.92959311695061,0.0,40.0
356.70000000000005,0.0,-2.3025610783826647,39.933672664561136,0.0,40.0
356.8,0.0,-2.232860199726565,39.93763056727924,0.0,40.0
356.90000000000003,0.0,-2.1631525193909935,39.94146681304847,0.0,40.0
357.0,0.0,-2.093438249717775,39.94518139018295,0.0,40.0
357.1,0.0,-2.023717603068523,39.94877428736745,0.0,40.0
357.20000000000005,0.0,-1.9539907918244896,39.952245493657365,0.0,40.0
357.3,0.0,-1.8842580283857056,39.9555949984788,0.0,40.0
357.40000000000003,0.0,-1.8145195251701192,39.95882279162859,0.0,40.0
357.5,0.0,-1.7447754946134477,39.96192886327431,0.0,40.0
357.6,0.0,-1.6750261491679619,39.96491320395434,0.0,40.0
357.70000000000005,0.0,-1.60527170130237,39.96777580457784,0.0,40.0
357.8,0.0,-1.5355123635007828,39.97051665642485,0.0,40.0
357.90000000000003,0.0,-1.4657483482622409,39.97313575114625,0.0,40.0
358.0,0.0,-1.3959798681000328,39.97563308076383,0.0,40.0
358.1,0.0,-1.3262071355410496,39.978008637670285,0.0,40.0
358.20000000000005,0.0,-1.2564303631250988,39.980262414629266,0.0,40.0
358.3,0.0,-1.1866497634044373,39.98239440477536,0.0,40.0
358.40000000000003,0.0,-1.116865548942731,39.98440460161417,0.0,40.0
358.5,0.0,-1.0470779323149417,39.98629299902229,0.0,40.0
358.6,0.0,-0.9772871261061106,39.98805959124732,0.0,40.0
358.70000000000005,0.0,-0.9074933429112432,39.98970437290793,0.0,40.0
358.8,0.0,-0.8376967953342717,39.99122733899382,0.0,40.0
358.90000000000003,0.0,-0.7678976959875841,39.99262848486577,0.0,40.0
359.0,0.0,-0.6980962574913424,39.99390780625565,0.0,40.0
359.1,0.0,-0.6282926924727977,39.99506529926642,0.0,40.0
359.20000000000005,0.0,-0.5584872135657859,39.99610096037217,0.0,40.0
359.3,0.0,-0.48868003340986615,39.99701478641808,0.0,40.0
359.40000000000003,0.0,-0.41887136464981545,39.997806774620486,0.0,40.0
359.5,0.0,-0.34906141993494544,39.99847692256685,0.0,40.0
359.6,0.0,-0.2792504119184545,39.99902522821579,0.0,40.0
359.70000000000005,0.0,-0.20943855325674443,39.99945168989707,0.0,40.0
359.8,0.0,-0.1396260566089504,39.99975630631162,0.0,40.0
359.90000000000003,0.0,-0.06981313463590227,39.999939076531504,0.0,40.0
360.0,0.0,-9.797174393178826e-15,40.0,0.0,40.0
